Using pre-set license
Built from '2021.3/staging' branch; Version is '2021.3.8f1 (b30333d56e81) revision 11731763'; Using compiler version '192829333'; Build Type 'Release'
OS: 'Windows 11  (10.0.22631) 64bit Core' Language: 'ja' Physical Memory: 15720 MB
BatchMode: 1, IsHumanControllingUs: 0, StartBugReporterOnCrash: 0, Is64bit: 1, IsPro: 1

COMMAND LINE ARGUMENTS:
C:\Program Files\Unity\Hub\Editor\2021.3.8f1\Editor\Unity.exe
-adb2
-batchMode
-noUpm
-name
AssetImportWorker4
-projectPath
C:/Users/watan/Documents/GitHub/Kakuto24
-logFile
Logs/AssetImportWorker4.log
-srvPort
58208
Successfully changed project path to: C:/Users/watan/Documents/GitHub/Kakuto24
C:/Users/watan/Documents/GitHub/Kakuto24
[UnityMemory] Configuration Parameters - Can be set up in boot.config
    "memorysetup-bucket-allocator-granularity=16"
    "memorysetup-bucket-allocator-bucket-count=8"
    "memorysetup-bucket-allocator-block-size=33554432"
    "memorysetup-bucket-allocator-block-count=8"
    "memorysetup-main-allocator-block-size=16777216"
    "memorysetup-thread-allocator-block-size=16777216"
    "memorysetup-gfx-main-allocator-block-size=16777216"
    "memorysetup-gfx-thread-allocator-block-size=16777216"
    "memorysetup-cache-allocator-block-size=4194304"
    "memorysetup-typetree-allocator-block-size=2097152"
    "memorysetup-profiler-bucket-allocator-granularity=16"
    "memorysetup-profiler-bucket-allocator-bucket-count=8"
    "memorysetup-profiler-bucket-allocator-block-size=33554432"
    "memorysetup-profiler-bucket-allocator-block-count=8"
    "memorysetup-profiler-allocator-block-size=16777216"
    "memorysetup-profiler-editor-allocator-block-size=1048576"
    "memorysetup-temp-allocator-size-main=16777216"
    "memorysetup-job-temp-allocator-block-size=2097152"
    "memorysetup-job-temp-allocator-block-size-background=1048576"
    "memorysetup-job-temp-allocator-reduction-small-platforms=262144"
    "memorysetup-temp-allocator-size-background-worker=32768"
    "memorysetup-temp-allocator-size-job-worker=262144"
    "memorysetup-temp-allocator-size-preload-manager=33554432"
    "memorysetup-temp-allocator-size-nav-mesh-worker=65536"
    "memorysetup-temp-allocator-size-audio-worker=65536"
    "memorysetup-temp-allocator-size-cloud-worker=32768"
    "memorysetup-temp-allocator-size-gi-baking-worker=262144"
    "memorysetup-temp-allocator-size-gfx=262144"
Refreshing native plugins compatible for Editor in 101.92 ms, found 4 plugins.
Preloading 0 native plugins for Editor in 0.00 ms.
Initialize engine version: 2021.3.8f1 (b30333d56e81)
[Subsystems] Discovering subsystems at path C:/Program Files/Unity/Hub/Editor/2021.3.8f1/Editor/Data/Resources/UnitySubsystems
[Subsystems] Discovering subsystems at path C:/Users/watan/Documents/GitHub/Kakuto24/Assets
GfxDevice: creating device client; threaded=0; jobified=0
Direct3D:
    Version:  Direct3D 11.0 [level 11.1]
    Renderer: AMD Radeon(TM) Graphics (ID=0x164c)
    Vendor:   ATI
    VRAM:     7860 MB
    Driver:   31.0.21910.5
Initialize mono
Mono path[0] = 'C:/Program Files/Unity/Hub/Editor/2021.3.8f1/Editor/Data/Managed'
Mono path[1] = 'C:/Program Files/Unity/Hub/Editor/2021.3.8f1/Editor/Data/MonoBleedingEdge/lib/mono/unityjit-win32'
Mono config path = 'C:/Program Files/Unity/Hub/Editor/2021.3.8f1/Editor/Data/MonoBleedingEdge/etc'
Using monoOptions --debugger-agent=transport=dt_socket,embedding=1,server=y,suspend=n,address=127.0.0.1:56044
Begin MonoManager ReloadAssembly
Registering precompiled unity dll's ...
Register platform support module: C:/Program Files/Unity/Hub/Editor/2021.3.8f1/Editor/Data/PlaybackEngines/WindowsStandaloneSupport/UnityEditor.WindowsStandalone.Extensions.dll
Registered in 0.003628 seconds.
Native extension for WindowsStandalone target not found
Refreshing native plugins compatible for Editor in 113.93 ms, found 4 plugins.
Preloading 0 native plugins for Editor in 0.00 ms.
Mono: successfully reloaded assembly
- Completed reload, in  0.699 seconds
Domain Reload Profiling:
	ReloadAssembly (700ms)
		BeginReloadAssembly (71ms)
			ExecutionOrderSort (0ms)
			DisableScriptedObjects (0ms)
			BackupInstance (0ms)
			ReleaseScriptingObjects (0ms)
			CreateAndSetChildDomain (1ms)
		EndReloadAssembly (525ms)
			LoadAssemblies (69ms)
			RebuildTransferFunctionScriptingTraits (0ms)
			SetupTypeCache (101ms)
			ReleaseScriptCaches (0ms)
			RebuildScriptCaches (36ms)
			SetupLoadedEditorAssemblies (335ms)
				LogAssemblyErrors (0ms)
				InitializePlatformSupportModulesInManaged (8ms)
				SetLoadedEditorAssemblies (0ms)
				RefreshPlugins (114ms)
				BeforeProcessingInitializeOnLoad (2ms)
				ProcessInitializeOnLoadAttributes (157ms)
				ProcessInitializeOnLoadMethodAttributes (54ms)
				AfterProcessingInitializeOnLoad (0ms)
				EditorAssembliesLoaded (0ms)
			ExecutionOrderSort2 (0ms)
			AwakeInstancesAfterBackupRestoration (0ms)
Platform modules already initialized, skipping
Registering precompiled user dll's ...
Registered in 0.006796 seconds.
Begin MonoManager ReloadAssembly
Symbol file LoadedFromMemory doesn't match image C:\Users\watan\Documents\GitHub\Kakuto24\Library\PackageCache\com.unity.visualscripting@1.7.8\Editor\VisualScripting.Core\Dependencies\YamlDotNet\Unity.VisualScripting.YamlDotNet.dll
Symbol file LoadedFromMemory doesn't match image C:\Users\watan\Documents\GitHub\Kakuto24\Library\PackageCache\com.unity.visualscripting@1.7.8\Editor\VisualScripting.Core\Dependencies\DotNetZip\Unity.VisualScripting.IonicZip.dll
Native extension for WindowsStandalone target not found
Refreshing native plugins compatible for Editor in 104.10 ms, found 4 plugins.
Preloading 0 native plugins for Editor in 0.00 ms.
Mono: successfully reloaded assembly
- Completed reload, in  1.358 seconds
Domain Reload Profiling:
	ReloadAssembly (1359ms)
		BeginReloadAssembly (128ms)
			ExecutionOrderSort (0ms)
			DisableScriptedObjects (7ms)
			BackupInstance (0ms)
			ReleaseScriptingObjects (0ms)
			CreateAndSetChildDomain (23ms)
		EndReloadAssembly (1124ms)
			LoadAssemblies (80ms)
			RebuildTransferFunctionScriptingTraits (0ms)
			SetupTypeCache (252ms)
			ReleaseScriptCaches (1ms)
			RebuildScriptCaches (73ms)
			SetupLoadedEditorAssemblies (665ms)
				LogAssemblyErrors (0ms)
				InitializePlatformSupportModulesInManaged (6ms)
				SetLoadedEditorAssemblies (0ms)
				RefreshPlugins (104ms)
				BeforeProcessingInitializeOnLoad (111ms)
				ProcessInitializeOnLoadAttributes (384ms)
				ProcessInitializeOnLoadMethodAttributes (55ms)
				AfterProcessingInitializeOnLoad (5ms)
				EditorAssembliesLoaded (0ms)
			ExecutionOrderSort2 (0ms)
			AwakeInstancesAfterBackupRestoration (7ms)
Platform modules already initialized, skipping
========================================================================
Worker process is ready to serve import requests
Launched and connected shader compiler UnityShaderCompiler.exe after 0.09 seconds
Refreshing native plugins compatible for Editor in 2.06 ms, found 4 plugins.
Preloading 0 native plugins for Editor in 0.00 ms.
Unloading 4441 Unused Serialized files (Serialized files now loaded: 0)
Unloading 47 unused Assets / (223.0 KB). Loaded Objects now: 4895.
Memory consumption went from 172.6 MB to 172.4 MB.
Total: 7.471000 ms (FindLiveObjects: 0.623700 ms CreateObjectMapping: 0.445900 ms MarkObjects: 6.111200 ms  DeleteObjects: 0.288300 ms)

AssetImportParameters requested are different than current active one (requested -> active):
  custom:video-decoder-ogg-theora: a1e56fd34408186e4bbccfd4996cb3dc -> 
  custom:container-muxer-webm: aa71ff27fc2769a1b78a27578f13a17b -> 
  custom:container-demuxer-webm: 4f35f7cbe854078d1ac9338744f61a02 -> 
  custom:video-encoder-webm-vp8: eb34c28f22e8b96e1ab97ce403110664 -> 
  custom:video-codec-MediaFoundation-h265: 746d11721c4dcdbdad8f713fa42b33f4 -> 
  custom:audio-encoder-webm-vorbis: bf7c407c2cedff20999df2af8eb42d56 -> 
  custom:framework-win-MediaFoundation: 216162199b28c13a410421893ffa2e32 -> 
  custom:container-demuxer-ogg: 62fdf1f143b41e24485cea50d1cbac27 -> 
  custom:video-decoder-webm-vp8: 9c59270c3fd7afecdb556c50c9e8de78 -> 
  custom:audio-decoder-ogg-vorbis: bf7c407c2cedff20999df2af8eb42d56 -> 
========================================================================
Received Import Request.
  Time since last request: 374455.199450 seconds.
  path: Packages/com.unity.2d.animation/Editor/Assets/Icons/Light/Sprite Library@4x.png
  artifactKey: Guid(790c78d4984be2c44a13480b2ce51739) Importer(815301076,1909f56bfc062723c751e8b465ee728b)
Start importing Packages/com.unity.2d.animation/Editor/Assets/Icons/Light/Sprite Library@4x.png using Guid(790c78d4984be2c44a13480b2ce51739) Importer(815301076,1909f56bfc062723c751e8b465ee728b)  -> (artifact id: 'd22f400cb96a56c491da9ae3d13ed351') in 0.107573 seconds 
========================================================================
Received Import Request.
  Time since last request: 0.602702 seconds.
  path: Packages/com.unity.2d.animation/Editor/Assets/SkinningModule/Icons/Selected/Split_Edge@4x.png
  artifactKey: Guid(8272ea7c59da847458432e7c88bf7766) Importer(815301076,1909f56bfc062723c751e8b465ee728b)
Start importing Packages/com.unity.2d.animation/Editor/Assets/SkinningModule/Icons/Selected/Split_Edge@4x.png using Guid(8272ea7c59da847458432e7c88bf7766) Importer(815301076,1909f56bfc062723c751e8b465ee728b)  -> (artifact id: 'c24f4ee667b5886f3a62d51f167d42c6') in 0.085169 seconds 
========================================================================
Received Import Request.
  Time since last request: 0.000033 seconds.
  path: Packages/com.unity.collab-proxy/Editor/Collaborate/Assets/Icons/show-light.png
  artifactKey: Guid(9c0e0aeb2cb19c640a4d430e258e7336) Importer(815301076,1909f56bfc062723c751e8b465ee728b)
Start importing Packages/com.unity.collab-proxy/Editor/Collaborate/Assets/Icons/show-light.png using Guid(9c0e0aeb2cb19c640a4d430e258e7336) Importer(815301076,1909f56bfc062723c751e8b465ee728b)  -> (artifact id: 'a0dcc5f7f928295300dc54c213b2dbea') in 0.037746 seconds 
========================================================================
Received Import Request.
  Time since last request: 0.000031 seconds.
  path: Packages/com.unity.inputsystem/InputSystem/Editor/Icons/Keyboard.png
  artifactKey: Guid(5a5b9538c3aaa4587856e68a93a92a51) Importer(815301076,1909f56bfc062723c751e8b465ee728b)
Start importing Packages/com.unity.inputsystem/InputSystem/Editor/Icons/Keyboard.png using Guid(5a5b9538c3aaa4587856e68a93a92a51) Importer(815301076,1909f56bfc062723c751e8b465ee728b)  -> (artifact id: '170ad44a3d82594536ca91a3841c259b') in 0.033073 seconds 
========================================================================
Received Import Request.
  Time since last request: 0.000044 seconds.
  path: Packages/com.unity.2d.animation/Editor/Assets/SkinningModule/Icons/Selected/Edit_Geometry@4x.png
  artifactKey: Guid(1a96ab5f501a8e84c9016458682e1ccb) Importer(815301076,1909f56bfc062723c751e8b465ee728b)
Start importing Packages/com.unity.2d.animation/Editor/Assets/SkinningModule/Icons/Selected/Edit_Geometry@4x.png using Guid(1a96ab5f501a8e84c9016458682e1ccb) Importer(815301076,1909f56bfc062723c751e8b465ee728b)  -> (artifact id: '037938577bbb2ed7762ac45ff1ed0fac') in 0.039721 seconds 
========================================================================
Received Import Request.
  Time since last request: 0.000037 seconds.
  path: Packages/com.unity.inputsystem/InputSystem/Editor/Icons/d_Touch.png
  artifactKey: Guid(94fa2e214a138425e8afbbe1329e0b55) Importer(815301076,1909f56bfc062723c751e8b465ee728b)
Start importing Packages/com.unity.inputsystem/InputSystem/Editor/Icons/d_Touch.png using Guid(94fa2e214a138425e8afbbe1329e0b55) Importer(815301076,1909f56bfc062723c751e8b465ee728b)  -> (artifact id: '9e680779c1a0faa1647960645b088fd3') in 0.028628 seconds 
========================================================================
Received Import Request.
  Time since last request: 0.000031 seconds.
  path: Packages/com.unity.collab-proxy/Editor/PlasticSCM/Assets/Images/d_refresh@2x.png
  artifactKey: Guid(602b72d4617c3694aa94419fc1b68e04) Importer(815301076,1909f56bfc062723c751e8b465ee728b)
Start importing Packages/com.unity.collab-proxy/Editor/PlasticSCM/Assets/Images/d_refresh@2x.png using Guid(602b72d4617c3694aa94419fc1b68e04) Importer(815301076,1909f56bfc062723c751e8b465ee728b)  -> (artifact id: '552e5197d5c4e32015a584855ed628e1') in 0.035705 seconds 
========================================================================
Received Import Request.
  Time since last request: 0.000035 seconds.
  path: Packages/com.unity.collab-proxy/Editor/Collaborate/Assets/Icons/show-light@2x.png
  artifactKey: Guid(d84f7eb154b674f46b833c51f844277e) Importer(815301076,1909f56bfc062723c751e8b465ee728b)
Start importing Packages/com.unity.collab-proxy/Editor/Collaborate/Assets/Icons/show-light@2x.png using Guid(d84f7eb154b674f46b833c51f844277e) Importer(815301076,1909f56bfc062723c751e8b465ee728b)  -> (artifact id: 'ba8dfa251c8e400415ca1b2c669f4949') in 0.028358 seconds 
========================================================================
Received Import Request.
  Time since last request: 0.000029 seconds.
  path: Packages/com.unity.2d.animation/Editor/Assets/SkinningModule/Icons/Dark/d_Edit_Joints.png
  artifactKey: Guid(8c3235661573d7b44bd864536f83d0ea) Importer(815301076,1909f56bfc062723c751e8b465ee728b)
Start importing Packages/com.unity.2d.animation/Editor/Assets/SkinningModule/Icons/Dark/d_Edit_Joints.png using Guid(8c3235661573d7b44bd864536f83d0ea) Importer(815301076,1909f56bfc062723c751e8b465ee728b)  -> (artifact id: 'a40d84ea777a0ebe88fb56992aa606e8') in 0.043801 seconds 
========================================================================
Received Import Request.
  Time since last request: 0.000036 seconds.
  path: Packages/com.unity.inputsystem/InputSystem/Editor/Icons/d_ChevronDown@2x.png
  artifactKey: Guid(0068f400a72d84c92a1b8f5889a574b2) Importer(815301076,1909f56bfc062723c751e8b465ee728b)
Start importing Packages/com.unity.inputsystem/InputSystem/Editor/Icons/d_ChevronDown@2x.png using Guid(0068f400a72d84c92a1b8f5889a574b2) Importer(815301076,1909f56bfc062723c751e8b465ee728b)  -> (artifact id: 'a7c2477003e74bcd0b1fe60653a207d9') in 0.031958 seconds 
========================================================================
Received Import Request.
  Time since last request: 0.000097 seconds.
  path: Packages/com.unity.inputsystem/InputSystem/Editor/Icons/Joystick@4x.png
  artifactKey: Guid(f58c918f135bd4b8abe5fdb06bda7f4d) Importer(815301076,1909f56bfc062723c751e8b465ee728b)
Start importing Packages/com.unity.inputsystem/InputSystem/Editor/Icons/Joystick@4x.png using Guid(f58c918f135bd4b8abe5fdb06bda7f4d) Importer(815301076,1909f56bfc062723c751e8b465ee728b)  -> (artifact id: 'c0eaf96138fc6b840f9b3d9ba224ccac') in 0.033516 seconds 
========================================================================
Received Import Request.
  Time since last request: 0.000024 seconds.
  path: Packages/com.unity.collab-proxy/Editor/PlasticSCM/Assets/Images/d_iconconflictresolvedoverlay@2x.png
  artifactKey: Guid(4a231ba0e81e63849a8f985c228e8acd) Importer(815301076,1909f56bfc062723c751e8b465ee728b)
Start importing Packages/com.unity.collab-proxy/Editor/PlasticSCM/Assets/Images/d_iconconflictresolvedoverlay@2x.png using Guid(4a231ba0e81e63849a8f985c228e8acd) Importer(815301076,1909f56bfc062723c751e8b465ee728b)  -> (artifact id: 'ea3eea971ebfef8896b71da8c73e805d') in 0.037040 seconds 
========================================================================
Received Import Request.
  Time since last request: 0.000028 seconds.
  path: Packages/com.unity.collab-proxy/Editor/Collaborate/Assets/Icons/choose-remote-light.png
  artifactKey: Guid(78f56e873f56d7943aef2a039430732e) Importer(815301076,1909f56bfc062723c751e8b465ee728b)
Start importing Packages/com.unity.collab-proxy/Editor/Collaborate/Assets/Icons/choose-remote-light.png using Guid(78f56e873f56d7943aef2a039430732e) Importer(815301076,1909f56bfc062723c751e8b465ee728b)  -> (artifact id: '713d2625411e20f1fd49d9e4d09ebf29') in 0.031147 seconds 
========================================================================
Received Import Request.
  Time since last request: 0.000030 seconds.
  path: Packages/com.unity.inputsystem/InputSystem/Editor/Icons/Mouse@2x.png
  artifactKey: Guid(9721efa02e520488d96c36460fe7e4a6) Importer(815301076,1909f56bfc062723c751e8b465ee728b)
Start importing Packages/com.unity.inputsystem/InputSystem/Editor/Icons/Mouse@2x.png using Guid(9721efa02e520488d96c36460fe7e4a6) Importer(815301076,1909f56bfc062723c751e8b465ee728b)  -> (artifact id: '6a8c065c315e83c4c6e38c2e7d96fc9d') in 0.029476 seconds 
========================================================================
Received Import Request.
  Time since last request: 0.000041 seconds.
  path: Packages/com.unity.2d.animation/Editor/Assets/SkinningModule/Icons/Selected/Copy@4x.png
  artifactKey: Guid(b6a96c7c65795c94abf54a62adbf5c38) Importer(815301076,1909f56bfc062723c751e8b465ee728b)
Start importing Packages/com.unity.2d.animation/Editor/Assets/SkinningModule/Icons/Selected/Copy@4x.png using Guid(b6a96c7c65795c94abf54a62adbf5c38) Importer(815301076,1909f56bfc062723c751e8b465ee728b)  -> (artifact id: '52a1f32b47cea69621bf962fb607c64f') in 0.037007 seconds 
========================================================================
Received Import Request.
  Time since last request: 0.000031 seconds.
  path: Packages/com.unity.inputsystem/InputSystem/Editor/Icons/Mouse.png
  artifactKey: Guid(9eb2b64988cb1443cab6da5dc5300d1c) Importer(815301076,1909f56bfc062723c751e8b465ee728b)
Start importing Packages/com.unity.inputsystem/InputSystem/Editor/Icons/Mouse.png using Guid(9eb2b64988cb1443cab6da5dc5300d1c) Importer(815301076,1909f56bfc062723c751e8b465ee728b)  -> (artifact id: 'f4cea876d19c3379ddca45529c92c848') in 0.032989 seconds 
========================================================================
Received Import Request.
  Time since last request: 0.000040 seconds.
  path: Packages/com.unity.collab-proxy/Editor/Collaborate/Assets/Icons/more-vert-light.png
  artifactKey: Guid(6232fff3dd732c24b810a139724ea7cf) Importer(815301076,1909f56bfc062723c751e8b465ee728b)
Start importing Packages/com.unity.collab-proxy/Editor/Collaborate/Assets/Icons/more-vert-light.png using Guid(6232fff3dd732c24b810a139724ea7cf) Importer(815301076,1909f56bfc062723c751e8b465ee728b)  -> (artifact id: '6fbea16365a765ef48cc98702ae9a118') in 0.031665 seconds 
========================================================================
Received Import Request.
  Time since last request: 0.000037 seconds.
  path: Packages/com.unity.timeline/Editor/StyleSheets/Images/Icons/d_TimelineEditModeMixON.png
  artifactKey: Guid(7c681ffb5a436684fa3e98a9b66775c0) Importer(815301076,1909f56bfc062723c751e8b465ee728b)
Start importing Packages/com.unity.timeline/Editor/StyleSheets/Images/Icons/d_TimelineEditModeMixON.png using Guid(7c681ffb5a436684fa3e98a9b66775c0) Importer(815301076,1909f56bfc062723c751e8b465ee728b)  -> (artifact id: '26b636e5a8dda07e5b11cf39aeb9781a') in 0.032240 seconds 
========================================================================
Received Import Request.
  Time since last request: 0.000034 seconds.
  path: Packages/com.unity.2d.animation/Editor/Assets/SkinningModule/Icons/Dark/d_Edit_Joints@4x.png
  artifactKey: Guid(15d3c315af8faf2498573371308b9d3e) Importer(815301076,1909f56bfc062723c751e8b465ee728b)
Start importing Packages/com.unity.2d.animation/Editor/Assets/SkinningModule/Icons/Dark/d_Edit_Joints@4x.png using Guid(15d3c315af8faf2498573371308b9d3e) Importer(815301076,1909f56bfc062723c751e8b465ee728b)  -> (artifact id: '98a5e153f09a5152485122cc146db385') in 0.037295 seconds 
========================================================================
Received Import Request.
  Time since last request: 0.000035 seconds.
  path: Packages/com.unity.collab-proxy/Editor/PlasticSCM/Assets/Images/d_icondeletedlocaloverlay.png
  artifactKey: Guid(4da274d970a82a943ae3979e7833f3dd) Importer(815301076,1909f56bfc062723c751e8b465ee728b)
Start importing Packages/com.unity.collab-proxy/Editor/PlasticSCM/Assets/Images/d_icondeletedlocaloverlay.png using Guid(4da274d970a82a943ae3979e7833f3dd) Importer(815301076,1909f56bfc062723c751e8b465ee728b)  -> (artifact id: 'd7bccf721e6cd2e87ab43619fb6d56f9') in 0.035448 seconds 
========================================================================
Received Import Request.
  Time since last request: 0.000036 seconds.
  path: Packages/com.unity.timeline/Editor/StyleSheets/Images/Icons/d_TimelineEditModeReplaceON.png
  artifactKey: Guid(7b4b3cedf598c954cb2f38d6e2e34c0d) Importer(815301076,1909f56bfc062723c751e8b465ee728b)
Start importing Packages/com.unity.timeline/Editor/StyleSheets/Images/Icons/d_TimelineEditModeReplaceON.png using Guid(7b4b3cedf598c954cb2f38d6e2e34c0d) Importer(815301076,1909f56bfc062723c751e8b465ee728b)  -> (artifact id: '639dd1e150c374df4cfb9ce9a577f866') in 0.032028 seconds 
========================================================================
Received Import Request.
  Time since last request: 0.000036 seconds.
  path: Packages/com.unity.collab-proxy/Editor/PlasticSCM/Assets/Images/d_secondarytabclosehover@2x.png
  artifactKey: Guid(9aa4348290784b2468144a97eb15d8d7) Importer(815301076,1909f56bfc062723c751e8b465ee728b)
Start importing Packages/com.unity.collab-proxy/Editor/PlasticSCM/Assets/Images/d_secondarytabclosehover@2x.png using Guid(9aa4348290784b2468144a97eb15d8d7) Importer(815301076,1909f56bfc062723c751e8b465ee728b)  -> (artifact id: '424ce51cf4f217cbdbbd67771b273d3c') in 0.037474 seconds 
========================================================================
Received Import Request.
  Time since last request: 0.000060 seconds.
  path: Packages/com.unity.collab-proxy/Editor/Collaborate/Assets/Icons/more-vert-light@2x.png
  artifactKey: Guid(f9053b8d7b8c0d446a1f1fd28fec65c1) Importer(815301076,1909f56bfc062723c751e8b465ee728b)
Start importing Packages/com.unity.collab-proxy/Editor/Collaborate/Assets/Icons/more-vert-light@2x.png using Guid(f9053b8d7b8c0d446a1f1fd28fec65c1) Importer(815301076,1909f56bfc062723c751e8b465ee728b)  -> (artifact id: '1e5b6b59bdb95e4705f37413d2550f4f') in 0.030358 seconds 
========================================================================
Received Import Request.
  Time since last request: 0.000030 seconds.
  path: Packages/com.unity.inputsystem/InputSystem/Editor/Icons/Add Binding.png
  artifactKey: Guid(958a10dec4f3a4764bb345b0aa03510b) Importer(815301076,1909f56bfc062723c751e8b465ee728b)
Start importing Packages/com.unity.inputsystem/InputSystem/Editor/Icons/Add Binding.png using Guid(958a10dec4f3a4764bb345b0aa03510b) Importer(815301076,1909f56bfc062723c751e8b465ee728b)  -> (artifact id: '8420b501cfd168b0f8d242299f97a7b5') in 0.033772 seconds 
========================================================================
Received Import Request.
  Time since last request: 0.000037 seconds.
  path: Packages/com.unity.2d.animation/Editor/Assets/SkinningModule/Icons/Light/Split Bones.png
  artifactKey: Guid(59bc7a7ca0683ac439e255a533670885) Importer(815301076,1909f56bfc062723c751e8b465ee728b)
Start importing Packages/com.unity.2d.animation/Editor/Assets/SkinningModule/Icons/Light/Split Bones.png using Guid(59bc7a7ca0683ac439e255a533670885) Importer(815301076,1909f56bfc062723c751e8b465ee728b)  -> (artifact id: '523841e1c2e8454232bb64ba368334c3') in 0.038463 seconds 
========================================================================
Received Import Request.
  Time since last request: 0.000034 seconds.
  path: Packages/com.unity.inputsystem/InputSystem/Editor/Icons/Joystick@2x.png
  artifactKey: Guid(18e45e1f11fae429c80c200cca8e0b4c) Importer(815301076,1909f56bfc062723c751e8b465ee728b)
Start importing Packages/com.unity.inputsystem/InputSystem/Editor/Icons/Joystick@2x.png using Guid(18e45e1f11fae429c80c200cca8e0b4c) Importer(815301076,1909f56bfc062723c751e8b465ee728b)  -> (artifact id: 'aac0ebb7bb27276482c78337da591597') in 0.030903 seconds 
========================================================================
Received Import Request.
  Time since last request: 0.000055 seconds.
  path: Packages/com.unity.textmeshpro/Editor Resources/Textures/btn_AlignMidLine.psd
  artifactKey: Guid(c2f7f6a88b4c4f20a53deb72f3d9144c) Importer(815301076,1909f56bfc062723c751e8b465ee728b)
Start importing Packages/com.unity.textmeshpro/Editor Resources/Textures/btn_AlignMidLine.psd using Guid(c2f7f6a88b4c4f20a53deb72f3d9144c) Importer(815301076,1909f56bfc062723c751e8b465ee728b)  -> (artifact id: 'b534a32072c58a41bfcc40cf1e6e007d') in 0.026932 seconds 
========================================================================
Received Import Request.
  Time since last request: 0.000033 seconds.
  path: Packages/com.unity.2d.animation/Editor/Assets/SkinningModule/Icons/Light/Copy@3x.png
  artifactKey: Guid(55ad4b6109677be42b239f450ce98c29) Importer(815301076,1909f56bfc062723c751e8b465ee728b)
Start importing Packages/com.unity.2d.animation/Editor/Assets/SkinningModule/Icons/Light/Copy@3x.png using Guid(55ad4b6109677be42b239f450ce98c29) Importer(815301076,1909f56bfc062723c751e8b465ee728b)  -> (artifact id: '1b0c5cb7742f50a4aae8ec88ff84a3fe') in 0.037879 seconds 
========================================================================
Received Import Request.
  Time since last request: 0.000054 seconds.
  path: Packages/com.unity.2d.animation/Editor/Assets/SkinningModule/Icons/Dark/d_Edit_Joints@2x.png
  artifactKey: Guid(eecbc6949fc2aac40bfe64caade7a594) Importer(815301076,1909f56bfc062723c751e8b465ee728b)
Start importing Packages/com.unity.2d.animation/Editor/Assets/SkinningModule/Icons/Dark/d_Edit_Joints@2x.png using Guid(eecbc6949fc2aac40bfe64caade7a594) Importer(815301076,1909f56bfc062723c751e8b465ee728b)  -> (artifact id: 'e09b2502573739f7cde5254cdd85040e') in 0.037604 seconds 
========================================================================
Received Import Request.
  Time since last request: 0.000053 seconds.
  path: Packages/com.unity.collab-proxy/Editor/PlasticSCM/Assets/Images/d_icondeletedremote.png
  artifactKey: Guid(23e66f7264c74424889342127f229577) Importer(815301076,1909f56bfc062723c751e8b465ee728b)
Start importing Packages/com.unity.collab-proxy/Editor/PlasticSCM/Assets/Images/d_icondeletedremote.png using Guid(23e66f7264c74424889342127f229577) Importer(815301076,1909f56bfc062723c751e8b465ee728b)  -> (artifact id: 'b72dd6e6f721854114c39d466bc09f07') in 0.035667 seconds 
========================================================================
Received Import Request.
  Time since last request: 0.000050 seconds.
  path: Packages/com.unity.2d.animation/Editor/Assets/SkinningModule/Icons/Selected/Parent_Bone@2x.png
  artifactKey: Guid(698621c9178225f4b8fbaffd383d579e) Importer(815301076,1909f56bfc062723c751e8b465ee728b)
Start importing Packages/com.unity.2d.animation/Editor/Assets/SkinningModule/Icons/Selected/Parent_Bone@2x.png using Guid(698621c9178225f4b8fbaffd383d579e) Importer(815301076,1909f56bfc062723c751e8b465ee728b)  -> (artifact id: 'f5c9237db37eef03c30876a7efb811b5') in 0.038847 seconds 
========================================================================
Received Import Request.
  Time since last request: 0.000049 seconds.
  path: Packages/com.unity.collab-proxy/Editor/Collaborate/Assets/Icons/moved-file-dark@2x.png
  artifactKey: Guid(d0c9bfe4ae0d68a4f945b3a8d983af01) Importer(815301076,1909f56bfc062723c751e8b465ee728b)
Start importing Packages/com.unity.collab-proxy/Editor/Collaborate/Assets/Icons/moved-file-dark@2x.png using Guid(d0c9bfe4ae0d68a4f945b3a8d983af01) Importer(815301076,1909f56bfc062723c751e8b465ee728b)  -> (artifact id: 'e8717dabf669c135a2c10df275d2e766') in 0.032943 seconds 
========================================================================
Received Import Request.
  Time since last request: 0.000065 seconds.
  path: Packages/com.unity.inputsystem/InputSystem/Editor/Icons/Add Binding@2x.png
  artifactKey: Guid(bb5fa99d6e9434c9ebf101c956021ee1) Importer(815301076,1909f56bfc062723c751e8b465ee728b)
Start importing Packages/com.unity.inputsystem/InputSystem/Editor/Icons/Add Binding@2x.png using Guid(bb5fa99d6e9434c9ebf101c956021ee1) Importer(815301076,1909f56bfc062723c751e8b465ee728b)  -> (artifact id: 'a6dfb02d1793bddfbe82bc19e7ebdbd7') in 0.033122 seconds 
========================================================================
Received Import Request.
  Time since last request: 0.000038 seconds.
  path: Packages/com.unity.textmeshpro/Editor Resources/Textures/btn_AlignRight.psd
  artifactKey: Guid(342a0f8aca7f4f0691338912faec0494) Importer(815301076,1909f56bfc062723c751e8b465ee728b)
Start importing Packages/com.unity.textmeshpro/Editor Resources/Textures/btn_AlignRight.psd using Guid(342a0f8aca7f4f0691338912faec0494) Importer(815301076,1909f56bfc062723c751e8b465ee728b)  -> (artifact id: '1b7d307bccc24fbff24add95172dde65') in 0.020599 seconds 
========================================================================
Received Import Request.
  Time since last request: 0.000041 seconds.
  path: Packages/com.unity.2d.animation/Editor/Assets/Icons/Selected/Sprite Library.png
  artifactKey: Guid(1b8aa18d56d7623428cad9997223857e) Importer(815301076,1909f56bfc062723c751e8b465ee728b)
Start importing Packages/com.unity.2d.animation/Editor/Assets/Icons/Selected/Sprite Library.png using Guid(1b8aa18d56d7623428cad9997223857e) Importer(815301076,1909f56bfc062723c751e8b465ee728b)  -> (artifact id: '5efae41a72dd2a7d674c68813da4931d') in 0.034635 seconds 
========================================================================
Received Import Request.
  Time since last request: 0.000054 seconds.
  path: Packages/com.unity.textmeshpro/Editor Resources/Textures/btn_AlignJustified_Light.psd
  artifactKey: Guid(fa6bd40a216346b783a4cce741d277a5) Importer(815301076,1909f56bfc062723c751e8b465ee728b)
Start importing Packages/com.unity.textmeshpro/Editor Resources/Textures/btn_AlignJustified_Light.psd using Guid(fa6bd40a216346b783a4cce741d277a5) Importer(815301076,1909f56bfc062723c751e8b465ee728b)  -> (artifact id: '3bc1c2c0bfc3c1df46d02e98818b5821') in 0.038025 seconds 
========================================================================
Received Import Request.
  Time since last request: 0.000052 seconds.
  path: Packages/com.unity.collab-proxy/Editor/PlasticSCM/Assets/Images/d_secondarytabclosehover.png
  artifactKey: Guid(6a9d211bea1bc4a429d86cbb2d0b0a3e) Importer(815301076,1909f56bfc062723c751e8b465ee728b)
Start importing Packages/com.unity.collab-proxy/Editor/PlasticSCM/Assets/Images/d_secondarytabclosehover.png using Guid(6a9d211bea1bc4a429d86cbb2d0b0a3e) Importer(815301076,1909f56bfc062723c751e8b465ee728b)  -> (artifact id: '544578d4f440cacd8218de6a19a31576') in 0.041492 seconds 
========================================================================
Received Import Request.
  Time since last request: 0.000039 seconds.
  path: Packages/com.unity.collab-proxy/Editor/Collaborate/Assets/Icons/choose-remote-dark@2x.png
  artifactKey: Guid(a26232d4d188e4440897131ed223d505) Importer(815301076,1909f56bfc062723c751e8b465ee728b)
Start importing Packages/com.unity.collab-proxy/Editor/Collaborate/Assets/Icons/choose-remote-dark@2x.png using Guid(a26232d4d188e4440897131ed223d505) Importer(815301076,1909f56bfc062723c751e8b465ee728b)  -> (artifact id: '54769d46235ee9b5d511fb3d7ec1ff6a') in 0.038799 seconds 
========================================================================
Received Import Request.
  Time since last request: 0.000036 seconds.
  path: Packages/com.unity.collab-proxy/Editor/Collaborate/Assets/Icons/added-file-dark@2x.png
  artifactKey: Guid(c223e0c507e2c6549a2cb97441b62cbe) Importer(815301076,1909f56bfc062723c751e8b465ee728b)
Start importing Packages/com.unity.collab-proxy/Editor/Collaborate/Assets/Icons/added-file-dark@2x.png using Guid(c223e0c507e2c6549a2cb97441b62cbe) Importer(815301076,1909f56bfc062723c751e8b465ee728b)  -> (artifact id: 'a0de05af0d29401d575307a0d567f469') in 0.033365 seconds 
========================================================================
Received Import Request.
  Time since last request: 0.000033 seconds.
  path: Packages/com.unity.inputsystem/InputSystem/Editor/Icons/Axis@3x.png
  artifactKey: Guid(2e27a82b5cc4e4ef98cbef2d0b324aed) Importer(815301076,1909f56bfc062723c751e8b465ee728b)
Start importing Packages/com.unity.inputsystem/InputSystem/Editor/Icons/Axis@3x.png using Guid(2e27a82b5cc4e4ef98cbef2d0b324aed) Importer(815301076,1909f56bfc062723c751e8b465ee728b)  -> (artifact id: '7777c5f3498b26142295fcd9cac183be') in 0.031508 seconds 
========================================================================
Received Import Request.
  Time since last request: 0.000037 seconds.
  path: Packages/com.unity.inputsystem/InputSystem/Editor/Icons/Axis.png
  artifactKey: Guid(7e853779c8fed4ebf917a0de21c79602) Importer(815301076,1909f56bfc062723c751e8b465ee728b)
Start importing Packages/com.unity.inputsystem/InputSystem/Editor/Icons/Axis.png using Guid(7e853779c8fed4ebf917a0de21c79602) Importer(815301076,1909f56bfc062723c751e8b465ee728b)  -> (artifact id: '5850ba9de7b4afa1df627bc01da138f5') in 0.032253 seconds 
========================================================================
Received Import Request.
  Time since last request: 0.000041 seconds.
  path: Packages/com.unity.2d.animation/Editor/Assets/SkinningModule/Icons/Dark/d_Edit_Joints@3x.png
  artifactKey: Guid(e76bc39dceb8b72439432f8679056c92) Importer(815301076,1909f56bfc062723c751e8b465ee728b)
Start importing Packages/com.unity.2d.animation/Editor/Assets/SkinningModule/Icons/Dark/d_Edit_Joints@3x.png using Guid(e76bc39dceb8b72439432f8679056c92) Importer(815301076,1909f56bfc062723c751e8b465ee728b)  -> (artifact id: '2ff5e69e472ef05a2431b300c1e47c76') in 0.036362 seconds 
========================================================================
Received Import Request.
  Time since last request: 0.000039 seconds.
  path: Packages/com.unity.2d.animation/Editor/Assets/SkinningModule/Icons/Dark/d_Split Bones.png
  artifactKey: Guid(3e98b5bf8fbc84d4bafe25706ebcde8a) Importer(815301076,1909f56bfc062723c751e8b465ee728b)
Start importing Packages/com.unity.2d.animation/Editor/Assets/SkinningModule/Icons/Dark/d_Split Bones.png using Guid(3e98b5bf8fbc84d4bafe25706ebcde8a) Importer(815301076,1909f56bfc062723c751e8b465ee728b)  -> (artifact id: 'b8223e1f1611743f62c007eaaaa8f7fd') in 0.036973 seconds 
========================================================================
Received Import Request.
  Time since last request: 0.000028 seconds.
  path: Packages/com.unity.inputsystem/InputSystem/Editor/Icons/d_Position@4x.png
  artifactKey: Guid(ac4c5ccb2785f4460b2dcfe47010c688) Importer(815301076,1909f56bfc062723c751e8b465ee728b)
Start importing Packages/com.unity.inputsystem/InputSystem/Editor/Icons/d_Position@4x.png using Guid(ac4c5ccb2785f4460b2dcfe47010c688) Importer(815301076,1909f56bfc062723c751e8b465ee728b)  -> (artifact id: '2d2b92e9fd322d85303d828e0a9bb57d') in 0.030929 seconds 
========================================================================
Received Import Request.
  Time since last request: 0.000035 seconds.
  path: Packages/com.unity.textmeshpro/Editor Resources/Textures/btn_AlignLeft_Light.psd
  artifactKey: Guid(12736c98af174f91827a26b66d2b01b9) Importer(815301076,1909f56bfc062723c751e8b465ee728b)
Start importing Packages/com.unity.textmeshpro/Editor Resources/Textures/btn_AlignLeft_Light.psd using Guid(12736c98af174f91827a26b66d2b01b9) Importer(815301076,1909f56bfc062723c751e8b465ee728b)  -> (artifact id: '433e680426788f49e604b9d9844638bf') in 0.029654 seconds 
========================================================================
Received Import Request.
  Time since last request: 0.000037 seconds.
  path: Packages/com.unity.collab-proxy/Editor/Collaborate/Assets/Icons/added-file-dark.png
  artifactKey: Guid(1a4f52b613391cd449af3ad2e44affeb) Importer(815301076,1909f56bfc062723c751e8b465ee728b)
Start importing Packages/com.unity.collab-proxy/Editor/Collaborate/Assets/Icons/added-file-dark.png using Guid(1a4f52b613391cd449af3ad2e44affeb) Importer(815301076,1909f56bfc062723c751e8b465ee728b)  -> (artifact id: '6e20e845050b7544aca0ca3418b7fc8d') in 0.030822 seconds 
========================================================================
Received Import Request.
  Time since last request: 0.000043 seconds.
  path: Packages/com.unity.collab-proxy/Editor/Collaborate/Assets/Icons/more-vert-dark@2x.png
  artifactKey: Guid(366c5b350c052f34aa6909c6563fb9e9) Importer(815301076,1909f56bfc062723c751e8b465ee728b)
Start importing Packages/com.unity.collab-proxy/Editor/Collaborate/Assets/Icons/more-vert-dark@2x.png using Guid(366c5b350c052f34aa6909c6563fb9e9) Importer(815301076,1909f56bfc062723c751e8b465ee728b)  -> (artifact id: 'bc2ab4703bf050a82aca1a006c934d75') in 0.027717 seconds 
========================================================================
Received Import Request.
  Time since last request: 0.230809 seconds.
  path: Packages/com.unity.collab-proxy/Editor/Collaborate/Assets/Icons/back-light.png
  artifactKey: Guid(e676ab7aa99535447a763c9f88bf9260) Importer(815301076,1909f56bfc062723c751e8b465ee728b)
Start importing Packages/com.unity.collab-proxy/Editor/Collaborate/Assets/Icons/back-light.png using Guid(e676ab7aa99535447a763c9f88bf9260) Importer(815301076,1909f56bfc062723c751e8b465ee728b)  -> (artifact id: '427ba37f11bb884c81643b38badacdb9') in 0.029863 seconds 
========================================================================
Received Import Request.
  Time since last request: 0.000029 seconds.
  path: Packages/com.unity.2d.animation/Editor/Assets/SkinningModule/Icons/Light/Bone.png
  artifactKey: Guid(62ce01ddca719d34ea9648c586a7cc94) Importer(815301076,1909f56bfc062723c751e8b465ee728b)
Start importing Packages/com.unity.2d.animation/Editor/Assets/SkinningModule/Icons/Light/Bone.png using Guid(62ce01ddca719d34ea9648c586a7cc94) Importer(815301076,1909f56bfc062723c751e8b465ee728b)  -> (artifact id: '6756ff0fd84bea024fb4d62ecb900cdd') in 0.039190 seconds 
========================================================================
Received Import Request.
  Time since last request: 0.046263 seconds.
  path: Packages/com.unity.2d.animation/Editor/Assets/SkinningModule/Icons/Light/Bone@4x.png
  artifactKey: Guid(9125c204f566db048a92ebcb64d9d14a) Importer(815301076,1909f56bfc062723c751e8b465ee728b)
Start importing Packages/com.unity.2d.animation/Editor/Assets/SkinningModule/Icons/Light/Bone@4x.png using Guid(9125c204f566db048a92ebcb64d9d14a) Importer(815301076,1909f56bfc062723c751e8b465ee728b)  -> (artifact id: '8b7a98de31000bc10178f7afb1a8fe48') in 0.044401 seconds 
========================================================================
Received Import Request.
  Time since last request: 0.000038 seconds.
  path: Packages/com.unity.2d.animation/Editor/Assets/SkinningModule/Icons/Light/Bone_Influence@3x.png
  artifactKey: Guid(cee9dbe90b270c944ae1dabf41c93b10) Importer(815301076,1909f56bfc062723c751e8b465ee728b)
Start importing Packages/com.unity.2d.animation/Editor/Assets/SkinningModule/Icons/Light/Bone_Influence@3x.png using Guid(cee9dbe90b270c944ae1dabf41c93b10) Importer(815301076,1909f56bfc062723c751e8b465ee728b)  -> (artifact id: 'ae8831ea95e62b12bccec810a41f4cd4') in 0.035740 seconds 
========================================================================
Received Import Request.
  Time since last request: 0.000049 seconds.
  path: Packages/com.unity.2d.animation/Editor/Assets/SkinningModule/Icons/Selected/Bone_Influence@4x.png
  artifactKey: Guid(daf2ab606d4db0d4f9ecf4c02137d2a8) Importer(815301076,1909f56bfc062723c751e8b465ee728b)
Start importing Packages/com.unity.2d.animation/Editor/Assets/SkinningModule/Icons/Selected/Bone_Influence@4x.png using Guid(daf2ab606d4db0d4f9ecf4c02137d2a8) Importer(815301076,1909f56bfc062723c751e8b465ee728b)  -> (artifact id: '62a3ba07a80597909d0676ea2100959d') in 0.036946 seconds 
========================================================================
Received Import Request.
  Time since last request: 0.102058 seconds.
  path: Packages/com.unity.textmeshpro/Editor Resources/Textures/btn_AlignBaseLine_Light.psd
  artifactKey: Guid(18775b51e3bd42299fd30bd036ea982f) Importer(815301076,1909f56bfc062723c751e8b465ee728b)
Start importing Packages/com.unity.textmeshpro/Editor Resources/Textures/btn_AlignBaseLine_Light.psd using Guid(18775b51e3bd42299fd30bd036ea982f) Importer(815301076,1909f56bfc062723c751e8b465ee728b)  -> (artifact id: '35e67544fd0acbaac0cebb5ee3a86ede') in 0.031153 seconds 
========================================================================
Received Import Request.
  Time since last request: 0.000035 seconds.
  path: Packages/com.unity.textmeshpro/Editor Resources/Textures/btn_AlignFlush_Light.psd
  artifactKey: Guid(64b9fad609434c489c32b1cdf2004a1c) Importer(815301076,1909f56bfc062723c751e8b465ee728b)
Start importing Packages/com.unity.textmeshpro/Editor Resources/Textures/btn_AlignFlush_Light.psd using Guid(64b9fad609434c489c32b1cdf2004a1c) Importer(815301076,1909f56bfc062723c751e8b465ee728b)  -> (artifact id: 'ff0cc2d6e41e955727b033ae20ad6105') in 0.030173 seconds 
========================================================================
Received Import Request.
  Time since last request: 0.000040 seconds.
  path: Packages/com.unity.textmeshpro/Editor Resources/Textures/btn_AlignCenterGeo_Light.psd
  artifactKey: Guid(35ff0937876540d3bd4b6a941df62a92) Importer(815301076,1909f56bfc062723c751e8b465ee728b)
Start importing Packages/com.unity.textmeshpro/Editor Resources/Textures/btn_AlignCenterGeo_Light.psd using Guid(35ff0937876540d3bd4b6a941df62a92) Importer(815301076,1909f56bfc062723c751e8b465ee728b)  -> (artifact id: 'ad7352ac68d8f7e84ea2dda16bd69f0b') in 0.033685 seconds 
========================================================================
Received Import Request.
  Time since last request: 0.165100 seconds.
  path: Packages/com.unity.textmeshpro/Editor Resources/Textures/btn_AlignRight_Light.psd
  artifactKey: Guid(e05ace3bd15740cda0bad60d89092a5b) Importer(815301076,1909f56bfc062723c751e8b465ee728b)
Start importing Packages/com.unity.textmeshpro/Editor Resources/Textures/btn_AlignRight_Light.psd using Guid(e05ace3bd15740cda0bad60d89092a5b) Importer(815301076,1909f56bfc062723c751e8b465ee728b)  -> (artifact id: '082f5055a7a99d281d26c20401c6c909') in 0.030537 seconds 
========================================================================
Received Import Request.
  Time since last request: 0.000044 seconds.
  path: Packages/com.unity.inputsystem/InputSystem/Editor/Icons/Button.png
  artifactKey: Guid(2a5d0a7febdc741039abf135883517e5) Importer(815301076,1909f56bfc062723c751e8b465ee728b)
Start importing Packages/com.unity.inputsystem/InputSystem/Editor/Icons/Button.png using Guid(2a5d0a7febdc741039abf135883517e5) Importer(815301076,1909f56bfc062723c751e8b465ee728b)  -> (artifact id: 'f91e530390a48ff7b4bc0b819c0004fd') in 0.030216 seconds 
========================================================================
Received Import Request.
  Time since last request: 0.000036 seconds.
  path: Packages/com.unity.collab-proxy/Editor/PlasticSCM/Assets/Images/buttonssosigninemail.png
  artifactKey: Guid(d24e7e0b75e1a244bb9687d6fd4315ef) Importer(815301076,1909f56bfc062723c751e8b465ee728b)
Start importing Packages/com.unity.collab-proxy/Editor/PlasticSCM/Assets/Images/buttonssosigninemail.png using Guid(d24e7e0b75e1a244bb9687d6fd4315ef) Importer(815301076,1909f56bfc062723c751e8b465ee728b)  -> (artifact id: 'aa2e30c7ff4c30ec945a8d1bb08c569b') in 0.038616 seconds 
========================================================================
Received Import Request.
  Time since last request: 0.000045 seconds.
  path: Packages/com.unity.collab-proxy/Editor/PlasticSCM/Assets/Images/buttonssosigningoogle.png
  artifactKey: Guid(f09eae8c0ea04254b90c5386a034a225) Importer(815301076,1909f56bfc062723c751e8b465ee728b)
Start importing Packages/com.unity.collab-proxy/Editor/PlasticSCM/Assets/Images/buttonssosigningoogle.png using Guid(f09eae8c0ea04254b90c5386a034a225) Importer(815301076,1909f56bfc062723c751e8b465ee728b)  -> (artifact id: 'eb74bdaf23b3cd29dedefed88946539d') in 0.033829 seconds 
========================================================================
Received Import Request.
  Time since last request: 0.000036 seconds.
  path: Packages/com.unity.2d.animation/Editor/Assets/SkinningModule/Icons/Light/character_Mode.png
  artifactKey: Guid(d4d64a6cd9624c34a815dd79fb2a20a4) Importer(815301076,1909f56bfc062723c751e8b465ee728b)
Start importing Packages/com.unity.2d.animation/Editor/Assets/SkinningModule/Icons/Light/character_Mode.png using Guid(d4d64a6cd9624c34a815dd79fb2a20a4) Importer(815301076,1909f56bfc062723c751e8b465ee728b)  -> (artifact id: '371c9b0e8aad0da2478caef88464f245') in 0.033542 seconds 
========================================================================
Received Import Request.
  Time since last request: 0.937168 seconds.
  path: Packages/com.unity.2d.animation/Editor/Assets/SkinningModule/Icons/Selected/character_Mode@3x.png
  artifactKey: Guid(dcea51d6065d64246aeec467afeff684) Importer(815301076,1909f56bfc062723c751e8b465ee728b)
Start importing Packages/com.unity.2d.animation/Editor/Assets/SkinningModule/Icons/Selected/character_Mode@3x.png using Guid(dcea51d6065d64246aeec467afeff684) Importer(815301076,1909f56bfc062723c751e8b465ee728b)  -> (artifact id: '35eac9a5536017d35e4f15311384ab91') in 0.038935 seconds 
========================================================================
Received Import Request.
  Time since last request: 0.000036 seconds.
  path: Packages/com.unity.2d.animation/Editor/Assets/SkinningModule/Icons/Light/Copy.png
  artifactKey: Guid(42f4b048501996743958df91513f824a) Importer(815301076,1909f56bfc062723c751e8b465ee728b)
Start importing Packages/com.unity.2d.animation/Editor/Assets/SkinningModule/Icons/Light/Copy.png using Guid(42f4b048501996743958df91513f824a) Importer(815301076,1909f56bfc062723c751e8b465ee728b)  -> (artifact id: '1b12efd4410fd89bc82983af4a787d5c') in 0.034898 seconds 
========================================================================
Received Import Request.
  Time since last request: 0.000106 seconds.
  path: Packages/com.unity.collab-proxy/Editor/Collaborate/Assets/Icons/clear-dark@2x.png
  artifactKey: Guid(c98f350e47082844fa2954de4d2d5ff9) Importer(815301076,1909f56bfc062723c751e8b465ee728b)
Start importing Packages/com.unity.collab-proxy/Editor/Collaborate/Assets/Icons/clear-dark@2x.png using Guid(c98f350e47082844fa2954de4d2d5ff9) Importer(815301076,1909f56bfc062723c751e8b465ee728b)  -> (artifact id: 'b4592bfd4463243ea08aec03d6a0b8ed') in 0.034933 seconds 
========================================================================
Received Import Request.
  Time since last request: 0.000034 seconds.
  path: Packages/com.unity.2d.animation/Editor/Assets/SkinningModule/Icons/Light/Create_Vertex@2x.png
  artifactKey: Guid(a0c33b3a6e0728343b29883d739f1322) Importer(815301076,1909f56bfc062723c751e8b465ee728b)
Start importing Packages/com.unity.2d.animation/Editor/Assets/SkinningModule/Icons/Light/Create_Vertex@2x.png using Guid(a0c33b3a6e0728343b29883d739f1322) Importer(815301076,1909f56bfc062723c751e8b465ee728b)  -> (artifact id: 'b85d47e21df9eafdc8e2d55e90bc2604') in 0.039398 seconds 
========================================================================
Received Import Request.
  Time since last request: 0.000036 seconds.
  path: Packages/com.unity.2d.animation/Editor/Assets/SkinningModule/Icons/Selected/d_Visibility_Tool@4x.png
  artifactKey: Guid(0167a2d235421ca4f8095daaa1defd4f) Importer(815301076,1909f56bfc062723c751e8b465ee728b)
Start importing Packages/com.unity.2d.animation/Editor/Assets/SkinningModule/Icons/Selected/d_Visibility_Tool@4x.png using Guid(0167a2d235421ca4f8095daaa1defd4f) Importer(815301076,1909f56bfc062723c751e8b465ee728b)  -> (artifact id: 'a466b4570d2ec216b83c3c46f9c7ce65') in 0.045043 seconds 
========================================================================
Received Import Request.
  Time since last request: 0.000044 seconds.
  path: Packages/com.unity.collab-proxy/Editor/PlasticSCM/Assets/Images/iconprivateoverlay.png
  artifactKey: Guid(9d6e2d7ce65565b4a93d524fe7a05d0b) Importer(815301076,1909f56bfc062723c751e8b465ee728b)
Start importing Packages/com.unity.collab-proxy/Editor/PlasticSCM/Assets/Images/iconprivateoverlay.png using Guid(9d6e2d7ce65565b4a93d524fe7a05d0b) Importer(815301076,1909f56bfc062723c751e8b465ee728b)  -> (artifact id: '95a4c8f30b1b3d662d19860296eba652') in 0.039047 seconds 
========================================================================
Received Import Request.
  Time since last request: 0.000028 seconds.
  path: Packages/com.unity.2d.psdimporter/Editor/Assets/Icons/Selected/Layers Mixed@2x.png
  artifactKey: Guid(d7b52ee143e0c4bf09d482ec22428db2) Importer(815301076,1909f56bfc062723c751e8b465ee728b)
Start importing Packages/com.unity.2d.psdimporter/Editor/Assets/Icons/Selected/Layers Mixed@2x.png using Guid(d7b52ee143e0c4bf09d482ec22428db2) Importer(815301076,1909f56bfc062723c751e8b465ee728b)  -> (artifact id: '3fd752625bda73c5f49aa2e5317d325f') in 0.036161 seconds 
========================================================================
Received Import Request.
  Time since last request: 0.000040 seconds.
  path: Packages/com.unity.2d.psdimporter/Editor/Assets/Icons/Dark/Layers Collapsed@16x.png
  artifactKey: Guid(725dea07ef1724145806dfddfe9dee03) Importer(815301076,1909f56bfc062723c751e8b465ee728b)
Start importing Packages/com.unity.2d.psdimporter/Editor/Assets/Icons/Dark/Layers Collapsed@16x.png using Guid(725dea07ef1724145806dfddfe9dee03) Importer(815301076,1909f56bfc062723c751e8b465ee728b)  -> (artifact id: '44756124248a6c024ce691c35a13d3bb') in 0.044032 seconds 
========================================================================
Received Import Request.
  Time since last request: 0.000116 seconds.
  path: Packages/com.unity.inputsystem/InputSystem/Editor/Icons/Pen@4x.png
  artifactKey: Guid(acf10446fff184bb98db6350c2c43148) Importer(815301076,1909f56bfc062723c751e8b465ee728b)
Start importing Packages/com.unity.inputsystem/InputSystem/Editor/Icons/Pen@4x.png using Guid(acf10446fff184bb98db6350c2c43148) Importer(815301076,1909f56bfc062723c751e8b465ee728b)  -> (artifact id: '530f826312262841cf2e364273f42bee') in 0.032669 seconds 
========================================================================
Received Import Request.
  Time since last request: 0.000032 seconds.
  path: Packages/com.unity.collab-proxy/Editor/PlasticSCM/Assets/Images/iconplasticviewnotify@2x.png
  artifactKey: Guid(0a4da12ff51bd83498216f698c7f20fa) Importer(815301076,1909f56bfc062723c751e8b465ee728b)
Start importing Packages/com.unity.collab-proxy/Editor/PlasticSCM/Assets/Images/iconplasticviewnotify@2x.png using Guid(0a4da12ff51bd83498216f698c7f20fa) Importer(815301076,1909f56bfc062723c751e8b465ee728b)  -> (artifact id: '56bbe387bd23407be2afc0cff9104c05') in 0.037631 seconds 
========================================================================
Received Import Request.
  Time since last request: 0.000029 seconds.
  path: Packages/com.unity.collab-proxy/Editor/Collaborate/Assets/Icons/merge-dark.png
  artifactKey: Guid(a7dda6e49f4dd1c4bb0fac36bf812173) Importer(815301076,1909f56bfc062723c751e8b465ee728b)
Start importing Packages/com.unity.collab-proxy/Editor/Collaborate/Assets/Icons/merge-dark.png using Guid(a7dda6e49f4dd1c4bb0fac36bf812173) Importer(815301076,1909f56bfc062723c751e8b465ee728b)  -> (artifact id: '4c2162d4b97e6f6b4c5fd7a28892097c') in 0.032288 seconds 
========================================================================
Received Import Request.
  Time since last request: 0.000085 seconds.
  path: Packages/com.unity.2d.psdimporter/Editor/Assets/Icons/Selected/Layers Mixed@16x.png
  artifactKey: Guid(9f3e8a7a640b640feac66da51cc078c5) Importer(815301076,1909f56bfc062723c751e8b465ee728b)
Start importing Packages/com.unity.2d.psdimporter/Editor/Assets/Icons/Selected/Layers Mixed@16x.png using Guid(9f3e8a7a640b640feac66da51cc078c5) Importer(815301076,1909f56bfc062723c751e8b465ee728b)  -> (artifact id: '08b60ebd8aca93fe434e19c7b54f9c50') in 0.043597 seconds 
========================================================================
Received Import Request.
  Time since last request: 0.000030 seconds.
  path: Packages/com.unity.2d.animation/Editor/Assets/SkinningModule/Icons/Selected/Weight_Slider.png
  artifactKey: Guid(96b029a4248c85a4e8de2aa81fc0b60a) Importer(815301076,1909f56bfc062723c751e8b465ee728b)
Start importing Packages/com.unity.2d.animation/Editor/Assets/SkinningModule/Icons/Selected/Weight_Slider.png using Guid(96b029a4248c85a4e8de2aa81fc0b60a) Importer(815301076,1909f56bfc062723c751e8b465ee728b)  -> (artifact id: '678749ffbc994389b301109f41aab837') in 0.035969 seconds 
========================================================================
Received Import Request.
  Time since last request: 0.000039 seconds.
  path: Packages/com.unity.2d.animation/Editor/Assets/SkinningModule/Icons/Light/Weight_Slider@2x.png
  artifactKey: Guid(6306a4776b130304bba7a139fc1d2bb8) Importer(815301076,1909f56bfc062723c751e8b465ee728b)
Start importing Packages/com.unity.2d.animation/Editor/Assets/SkinningModule/Icons/Light/Weight_Slider@2x.png using Guid(6306a4776b130304bba7a139fc1d2bb8) Importer(815301076,1909f56bfc062723c751e8b465ee728b)  -> (artifact id: 'a1a1f63daf33f0e682ce267d853d3a8c') in 0.037336 seconds 
========================================================================
Received Import Request.
  Time since last request: 0.000050 seconds.
  path: Packages/com.unity.2d.animation/Editor/Assets/SkinningModule/Icons/Selected/Weight_Slider@3x.png
  artifactKey: Guid(af73899d5803d99448134360f184f348) Importer(815301076,1909f56bfc062723c751e8b465ee728b)
Start importing Packages/com.unity.2d.animation/Editor/Assets/SkinningModule/Icons/Selected/Weight_Slider@3x.png using Guid(af73899d5803d99448134360f184f348) Importer(815301076,1909f56bfc062723c751e8b465ee728b)  -> (artifact id: 'dcfa5fe2c0a1e3e8caafb9fd987fe0f1') in 0.039322 seconds 
========================================================================
Received Import Request.
  Time since last request: 0.000032 seconds.
  path: Packages/com.unity.2d.animation/Editor/Assets/SkinningModule/Icons/Light/Create_Vertex@3x.png
  artifactKey: Guid(66fa19194577350438c952106f661c2f) Importer(815301076,1909f56bfc062723c751e8b465ee728b)
Start importing Packages/com.unity.2d.animation/Editor/Assets/SkinningModule/Icons/Light/Create_Vertex@3x.png using Guid(66fa19194577350438c952106f661c2f) Importer(815301076,1909f56bfc062723c751e8b465ee728b)  -> (artifact id: 'ec2732056d40dd63f0acef6c4f1a8e93') in 0.035439 seconds 
========================================================================
Received Import Request.
  Time since last request: 0.000035 seconds.
  path: Packages/com.unity.collab-proxy/Editor/PlasticSCM/Assets/Images/iconprivateoverlay@2x.png
  artifactKey: Guid(40685941c1361aa4a957b61174bce3f6) Importer(815301076,1909f56bfc062723c751e8b465ee728b)
Start importing Packages/com.unity.collab-proxy/Editor/PlasticSCM/Assets/Images/iconprivateoverlay@2x.png using Guid(40685941c1361aa4a957b61174bce3f6) Importer(815301076,1909f56bfc062723c751e8b465ee728b)  -> (artifact id: 'bfedea27c087d5979d64e0afec92f416') in 0.038213 seconds 
========================================================================
Received Import Request.
  Time since last request: 0.000056 seconds.
  path: Packages/com.unity.inputsystem/InputSystem/Editor/Icons/Pen@3x.png
  artifactKey: Guid(1bf9cdd4bc492489c8c7c6190785fc48) Importer(815301076,1909f56bfc062723c751e8b465ee728b)
Start importing Packages/com.unity.inputsystem/InputSystem/Editor/Icons/Pen@3x.png using Guid(1bf9cdd4bc492489c8c7c6190785fc48) Importer(815301076,1909f56bfc062723c751e8b465ee728b)  -> (artifact id: 'b8f88d7ebb2ac5c4d77d1173aedeedae') in 0.031320 seconds 
========================================================================
Received Import Request.
  Time since last request: 0.000039 seconds.
  path: Packages/com.unity.timeline/Editor/StyleSheets/Images/Shared/TimelineDisplay.png
  artifactKey: Guid(03ae22b9de3989144a9bebf8972b4fad) Importer(815301076,1909f56bfc062723c751e8b465ee728b)
Start importing Packages/com.unity.timeline/Editor/StyleSheets/Images/Shared/TimelineDisplay.png using Guid(03ae22b9de3989144a9bebf8972b4fad) Importer(815301076,1909f56bfc062723c751e8b465ee728b)  -> (artifact id: '3d54ebc54a4bb56a823479750e85ca67') in 0.029804 seconds 
========================================================================
Received Import Request.
  Time since last request: 0.000051 seconds.
  path: Packages/com.unity.2d.animation/Editor/Assets/SkinningModule/Icons/Selected/Create_Vertex@4x.png
  artifactKey: Guid(6a7ac9e8c26b12440bf2b1da2ca97794) Importer(815301076,1909f56bfc062723c751e8b465ee728b)
Start importing Packages/com.unity.2d.animation/Editor/Assets/SkinningModule/Icons/Selected/Create_Vertex@4x.png using Guid(6a7ac9e8c26b12440bf2b1da2ca97794) Importer(815301076,1909f56bfc062723c751e8b465ee728b)  -> (artifact id: '68633c2f6c8a5db86740681c76f9fd9d') in 0.032450 seconds 
========================================================================
Received Import Request.
  Time since last request: 0.000050 seconds.
  path: Packages/com.unity.2d.animation/Editor/Assets/SkinningModule/Icons/Dark/d_Visibility_Tool 1.png
  artifactKey: Guid(8ce57331a725cc74d84af900f8f3c641) Importer(815301076,1909f56bfc062723c751e8b465ee728b)
Start importing Packages/com.unity.2d.animation/Editor/Assets/SkinningModule/Icons/Dark/d_Visibility_Tool 1.png using Guid(8ce57331a725cc74d84af900f8f3c641) Importer(815301076,1909f56bfc062723c751e8b465ee728b)  -> (artifact id: '76068ac6332bdb4ab3c1cdf21e1781e1') in 0.036097 seconds 
========================================================================
Received Import Request.
  Time since last request: 0.000031 seconds.
  path: Packages/com.unity.timeline/Editor/StyleSheets/Images/LightSkin/TimelineDisabledBackground.png
  artifactKey: Guid(0304baf8d224f3e47b22d872c8dcd412) Importer(815301076,1909f56bfc062723c751e8b465ee728b)
Start importing Packages/com.unity.timeline/Editor/StyleSheets/Images/LightSkin/TimelineDisabledBackground.png using Guid(0304baf8d224f3e47b22d872c8dcd412) Importer(815301076,1909f56bfc062723c751e8b465ee728b)  -> (artifact id: '918aa60d3daa39621ebec7420c30f39b') in 0.034483 seconds 
========================================================================
Received Import Request.
  Time since last request: 0.000031 seconds.
  path: Packages/com.unity.collab-proxy/Editor/Collaborate/Assets/Icons/merge-conflicts-light@2x.png
  artifactKey: Guid(56adf392a7d080448ab9b85e27356d2e) Importer(815301076,1909f56bfc062723c751e8b465ee728b)
Start importing Packages/com.unity.collab-proxy/Editor/Collaborate/Assets/Icons/merge-conflicts-light@2x.png using Guid(56adf392a7d080448ab9b85e27356d2e) Importer(815301076,1909f56bfc062723c751e8b465ee728b)  -> (artifact id: 'a4727423a00fa80f213ab72a730549ea') in 0.031366 seconds 
========================================================================
Received Import Request.
  Time since last request: 0.000032 seconds.
  path: Packages/com.unity.inputsystem/InputSystem/Editor/AssetEditor/Resources/pink.png
  artifactKey: Guid(d7b144323984d4298924c65ed071dea1) Importer(815301076,1909f56bfc062723c751e8b465ee728b)
Start importing Packages/com.unity.inputsystem/InputSystem/Editor/AssetEditor/Resources/pink.png using Guid(d7b144323984d4298924c65ed071dea1) Importer(815301076,1909f56bfc062723c751e8b465ee728b)  -> (artifact id: 'd37a4b55de16febf4dd976e95ab3d5ab') in 0.028351 seconds 
========================================================================
Received Import Request.
  Time since last request: 0.000071 seconds.
  path: Packages/com.unity.inputsystem/InputSystem/Editor/Icons/ChevronDown.png
  artifactKey: Guid(ba304f5556a3a4fac98d126883083e7e) Importer(815301076,1909f56bfc062723c751e8b465ee728b)
Start importing Packages/com.unity.inputsystem/InputSystem/Editor/Icons/ChevronDown.png using Guid(ba304f5556a3a4fac98d126883083e7e) Importer(815301076,1909f56bfc062723c751e8b465ee728b)  -> (artifact id: '16ede22b5322acb8684f3a87f044b535') in 0.027819 seconds 
========================================================================
Received Import Request.
  Time since last request: 0.000035 seconds.
  path: Packages/com.unity.collab-proxy/Editor/Collaborate/Assets/Icons/merge-conflicts-dark@2x.png
  artifactKey: Guid(7dc96f2ba3659a64eb632128d0705ddc) Importer(815301076,1909f56bfc062723c751e8b465ee728b)
Start importing Packages/com.unity.collab-proxy/Editor/Collaborate/Assets/Icons/merge-conflicts-dark@2x.png using Guid(7dc96f2ba3659a64eb632128d0705ddc) Importer(815301076,1909f56bfc062723c751e8b465ee728b)  -> (artifact id: 'cfc068542d4f04442a04b4401e2d9592') in 0.030016 seconds 
========================================================================
Received Import Request.
  Time since last request: 0.000073 seconds.
  path: Packages/com.unity.collab-proxy/Editor/PlasticSCM/Assets/Images/iconplasticview@2x.png
  artifactKey: Guid(97a4e2b6ae08b1140a5ba9e22953e029) Importer(815301076,1909f56bfc062723c751e8b465ee728b)
Start importing Packages/com.unity.collab-proxy/Editor/PlasticSCM/Assets/Images/iconplasticview@2x.png using Guid(97a4e2b6ae08b1140a5ba9e22953e029) Importer(815301076,1909f56bfc062723c751e8b465ee728b)  -> (artifact id: 'cdc12b1ccbdbf9ef216dbcfa89fe0cb6') in 0.034431 seconds 
========================================================================
Received Import Request.
  Time since last request: 0.000059 seconds.
  path: Packages/com.unity.2d.psdimporter/Editor/Assets/Icons/Light/Layers Mixed@8x.png
  artifactKey: Guid(0e6407347fc834e6a8b46f9528bcf7b3) Importer(815301076,1909f56bfc062723c751e8b465ee728b)
Start importing Packages/com.unity.2d.psdimporter/Editor/Assets/Icons/Light/Layers Mixed@8x.png using Guid(0e6407347fc834e6a8b46f9528bcf7b3) Importer(815301076,1909f56bfc062723c751e8b465ee728b)  -> (artifact id: 'c19e3b7acee13fb8e3c5b7407fec32ce') in 0.039475 seconds 
========================================================================
Received Import Request.
  Time since last request: 0.000058 seconds.
  path: Packages/com.unity.timeline/Editor/StyleSheets/Images/Icons/TimelineEditModeReplaceOFF.png
  artifactKey: Guid(09ae14686a02d484ab41e76fd1efba14) Importer(815301076,1909f56bfc062723c751e8b465ee728b)
Start importing Packages/com.unity.timeline/Editor/StyleSheets/Images/Icons/TimelineEditModeReplaceOFF.png using Guid(09ae14686a02d484ab41e76fd1efba14) Importer(815301076,1909f56bfc062723c751e8b465ee728b)  -> (artifact id: '9bc3b0c4642293dbe812334a4c19d91a') in 0.029336 seconds 
========================================================================
Received Import Request.
  Time since last request: 0.000039 seconds.
  path: Packages/com.unity.collab-proxy/Editor/Collaborate/Assets/Icons/undo-dark.png
  artifactKey: Guid(9f379314652051f4aa49201b44eae54d) Importer(815301076,1909f56bfc062723c751e8b465ee728b)
Start importing Packages/com.unity.collab-proxy/Editor/Collaborate/Assets/Icons/undo-dark.png using Guid(9f379314652051f4aa49201b44eae54d) Importer(815301076,1909f56bfc062723c751e8b465ee728b)  -> (artifact id: '9da6293b84a1654bdb6923c69788fe1a') in 0.031237 seconds 
========================================================================
Received Import Request.
  Time since last request: 0.000032 seconds.
  path: Packages/com.unity.2d.animation/Editor/Assets/SkinningModule/Icons/Selected/Weight_Slider@4x.png
  artifactKey: Guid(ac47ed8ccc79cf04dae198b9cc5b3a6f) Importer(815301076,1909f56bfc062723c751e8b465ee728b)
Start importing Packages/com.unity.2d.animation/Editor/Assets/SkinningModule/Icons/Selected/Weight_Slider@4x.png using Guid(ac47ed8ccc79cf04dae198b9cc5b3a6f) Importer(815301076,1909f56bfc062723c751e8b465ee728b)  -> (artifact id: '21d471c36399503a51558923c1254a3c') in 0.035580 seconds 
========================================================================
Received Import Request.
  Time since last request: 0.000042 seconds.
  path: Packages/com.unity.timeline/Editor/StyleSheets/Images/Icons/TimelineEditModeMixOFF.png
  artifactKey: Guid(8fca5ed160cdc5440a4c7561db4082b2) Importer(815301076,1909f56bfc062723c751e8b465ee728b)
Start importing Packages/com.unity.timeline/Editor/StyleSheets/Images/Icons/TimelineEditModeMixOFF.png using Guid(8fca5ed160cdc5440a4c7561db4082b2) Importer(815301076,1909f56bfc062723c751e8b465ee728b)  -> (artifact id: '0c1134528d297bdea0dd2f84c44b83eb') in 0.037620 seconds 
========================================================================
Received Import Request.
  Time since last request: 0.000069 seconds.
  path: Packages/com.unity.collab-proxy/Editor/Collaborate/Assets/Icons/conflicted-file-light@2x.png
  artifactKey: Guid(0365b40fda51ad5499dfe50b036adb1b) Importer(815301076,1909f56bfc062723c751e8b465ee728b)
Start importing Packages/com.unity.collab-proxy/Editor/Collaborate/Assets/Icons/conflicted-file-light@2x.png using Guid(0365b40fda51ad5499dfe50b036adb1b) Importer(815301076,1909f56bfc062723c751e8b465ee728b)  -> (artifact id: 'ba5707fc564113ce9b2b9bf32ad6c314') in 0.038391 seconds 
========================================================================
Received Import Request.
  Time since last request: 0.000061 seconds.
  path: Packages/com.unity.2d.psdimporter/Editor/Assets/Icons/Dark/Layers Mixed@1x.png
  artifactKey: Guid(8dbb9f40df36243efaad92ce7cddfc71) Importer(815301076,1909f56bfc062723c751e8b465ee728b)
Start importing Packages/com.unity.2d.psdimporter/Editor/Assets/Icons/Dark/Layers Mixed@1x.png using Guid(8dbb9f40df36243efaad92ce7cddfc71) Importer(815301076,1909f56bfc062723c751e8b465ee728b)  -> (artifact id: 'ecd333edc0ee44167e0a7e7493ec9e04') in 0.035517 seconds 
========================================================================
Received Import Request.
  Time since last request: 0.000031 seconds.
  path: Packages/com.unity.collab-proxy/Editor/Collaborate/Assets/Icons/clear-light@2x.png
  artifactKey: Guid(c84258b6921bcce45a57f68a07b2143f) Importer(815301076,1909f56bfc062723c751e8b465ee728b)
Start importing Packages/com.unity.collab-proxy/Editor/Collaborate/Assets/Icons/clear-light@2x.png using Guid(c84258b6921bcce45a57f68a07b2143f) Importer(815301076,1909f56bfc062723c751e8b465ee728b)  -> (artifact id: '3d620195a393ccefcc6630b03090a78d') in 0.030860 seconds 
========================================================================
Received Import Request.
  Time since last request: 0.000031 seconds.
  path: Packages/com.unity.collab-proxy/Editor/Collaborate/Assets/Icons/clear-dark.png
  artifactKey: Guid(432426364f0e2474b9817a7e5b9dd1c2) Importer(815301076,1909f56bfc062723c751e8b465ee728b)
Start importing Packages/com.unity.collab-proxy/Editor/Collaborate/Assets/Icons/clear-dark.png using Guid(432426364f0e2474b9817a7e5b9dd1c2) Importer(815301076,1909f56bfc062723c751e8b465ee728b)  -> (artifact id: '3dbfd1e60ebf39d6ace5684bbeac8eed') in 0.034112 seconds 
========================================================================
Received Import Request.
  Time since last request: 0.000039 seconds.
  path: Packages/com.unity.2d.animation/Editor/Assets/SkinningModule/Icons/Dark/d_Visibility_Tool@3x.png
  artifactKey: Guid(8c3b52e1fbc36584d802ee0099c48682) Importer(815301076,1909f56bfc062723c751e8b465ee728b)
Start importing Packages/com.unity.2d.animation/Editor/Assets/SkinningModule/Icons/Dark/d_Visibility_Tool@3x.png using Guid(8c3b52e1fbc36584d802ee0099c48682) Importer(815301076,1909f56bfc062723c751e8b465ee728b)  -> (artifact id: '0da71cd40eb8a5178d0ebd20820729c3') in 0.027282 seconds 
========================================================================
Received Import Request.
  Time since last request: 0.000036 seconds.
  path: Packages/com.unity.timeline/Editor/StyleSheets/Images/Icons/TimelineEditModeMixON.png
  artifactKey: Guid(a82846d41464fcf4b962ebdc815963f5) Importer(815301076,1909f56bfc062723c751e8b465ee728b)
Start importing Packages/com.unity.timeline/Editor/StyleSheets/Images/Icons/TimelineEditModeMixON.png using Guid(a82846d41464fcf4b962ebdc815963f5) Importer(815301076,1909f56bfc062723c751e8b465ee728b)  -> (artifact id: 'b5f870cb6f5d77c6155c30a0e6327b5c') in 0.030684 seconds 
========================================================================
Received Import Request.
  Time since last request: 190.419118 seconds.
  path: Assets/blue_mate.mat
  artifactKey: Guid(d5d26c0c3a4cc114c964b215a088788a) Importer(815301076,1909f56bfc062723c751e8b465ee728b)
Start importing Assets/blue_mate.mat using Guid(d5d26c0c3a4cc114c964b215a088788a) Importer(815301076,1909f56bfc062723c751e8b465ee728b)  -> (artifact id: 'b9dd6bd11d12dc1f8ac5f4213c5ee0a3') in 0.050719 seconds 
========================================================================
Received Import Request.
  Time since last request: 52.352253 seconds.
  path: Assets/Hand Painted Seamless Wood Texture/Demo
  artifactKey: Guid(d6af6a21974250a4b92860b21d63ff00) Importer(815301076,1909f56bfc062723c751e8b465ee728b)
Start importing Assets/Hand Painted Seamless Wood Texture/Demo using Guid(d6af6a21974250a4b92860b21d63ff00) Importer(815301076,1909f56bfc062723c751e8b465ee728b)  -> (artifact id: '67fec9c707eff1c3b200c6df090dc7a7') in 0.010760 seconds 
========================================================================
Received Import Request.
  Time since last request: 0.904890 seconds.
  path: Assets/Hand Painted Seamless Wood Texture/Demo/Scenes
  artifactKey: Guid(dcb7237cb5e63dd4e9c295fec59765ca) Importer(815301076,1909f56bfc062723c751e8b465ee728b)
Start importing Assets/Hand Painted Seamless Wood Texture/Demo/Scenes using Guid(dcb7237cb5e63dd4e9c295fec59765ca) Importer(815301076,1909f56bfc062723c751e8b465ee728b)  -> (artifact id: '1cf01cfb00bb7a8ebcf8181e12b34863') in 0.009584 seconds 
========================================================================
Received Import Request.
  Time since last request: 2.648545 seconds.
  path: Assets/Hand Painted Seamless Wood Texture/Documentation/Documentation.txt
  artifactKey: Guid(cda327d80df2f7b46920c078ac893019) Importer(815301076,1909f56bfc062723c751e8b465ee728b)
Start importing Assets/Hand Painted Seamless Wood Texture/Documentation/Documentation.txt using Guid(cda327d80df2f7b46920c078ac893019) Importer(815301076,1909f56bfc062723c751e8b465ee728b)  -> (artifact id: '7187dc91e1a13116b3594199895dd9ab') in 0.049933 seconds 
========================================================================
Received Import Request.
  Time since last request: 0.347456 seconds.
  path: Assets/Hand Painted Seamless Wood Texture/Textures/Wood1.tga
  artifactKey: Guid(631f4638e5d3f984f859365bccca3d18) Importer(815301076,1909f56bfc062723c751e8b465ee728b)
Start importing Assets/Hand Painted Seamless Wood Texture/Textures/Wood1.tga using Guid(631f4638e5d3f984f859365bccca3d18) Importer(815301076,1909f56bfc062723c751e8b465ee728b)  -> (artifact id: 'dabdb5d4622fd56047010fbd777ce468') in 0.028724 seconds 
========================================================================
Received Import Request.
  Time since last request: 0.000032 seconds.
  path: Assets/Hand Painted Seamless Wood Texture/Textures/Wood3.tga
  artifactKey: Guid(3c63e2e318876fc4ebc6ba149de82007) Importer(815301076,1909f56bfc062723c751e8b465ee728b)
Start importing Assets/Hand Painted Seamless Wood Texture/Textures/Wood3.tga using Guid(3c63e2e318876fc4ebc6ba149de82007) Importer(815301076,1909f56bfc062723c751e8b465ee728b)  -> (artifact id: '3a29ba77add8466f235c82cbbd2968f3') in 0.021917 seconds 
========================================================================
Received Import Request.
  Time since last request: 1.195621 seconds.
  path: Assets/Hand Painted Seamless Wood Texture/Materials/M_Wood1.mat
  artifactKey: Guid(71e8951740b2a224480948e4515f6e2f) Importer(815301076,1909f56bfc062723c751e8b465ee728b)
Start importing Assets/Hand Painted Seamless Wood Texture/Materials/M_Wood1.mat using Guid(71e8951740b2a224480948e4515f6e2f) Importer(815301076,1909f56bfc062723c751e8b465ee728b)  -> (artifact id: '98e7c37cf99066473a0f43e14fa480bf') in 0.203395 seconds 
========================================================================
Received Import Request.
  Time since last request: 0.000035 seconds.
  path: Assets/Hand Painted Seamless Wood Texture/Materials/M_Wood3.mat
  artifactKey: Guid(df52f4d0325777d49bbe6e566536e284) Importer(815301076,1909f56bfc062723c751e8b465ee728b)
Start importing Assets/Hand Painted Seamless Wood Texture/Materials/M_Wood3.mat using Guid(df52f4d0325777d49bbe6e566536e284) Importer(815301076,1909f56bfc062723c751e8b465ee728b)  -> (artifact id: '4a6a237b1197306e2bbed0e9596aca42') in 0.029491 seconds 
========================================================================
Received Import Request.
  Time since last request: 30.074187 seconds.
  path: Assets/Hand Painted Seamless Wood Texture/Demo/Scenes/Demo.unity
  artifactKey: Guid(ad7824b2d371bf7429e6931343c78d4a) Importer(815301076,1909f56bfc062723c751e8b465ee728b)
Start importing Assets/Hand Painted Seamless Wood Texture/Demo/Scenes/Demo.unity using Guid(ad7824b2d371bf7429e6931343c78d4a) Importer(815301076,1909f56bfc062723c751e8b465ee728b)  -> (artifact id: '57213d064f6f8541d1b71564aaace83b') in 0.009998 seconds 
========================================================================
Received Import Request.
  Time since last request: 24.504131 seconds.
  path: Assets/Hand Painted Seamless Wood Texture/Materials/M_Wood3.mat
  artifactKey: Guid(df52f4d0325777d49bbe6e566536e284) Importer(815301076,1909f56bfc062723c751e8b465ee728b)
Start importing Assets/Hand Painted Seamless Wood Texture/Materials/M_Wood3.mat using Guid(df52f4d0325777d49bbe6e566536e284) Importer(815301076,1909f56bfc062723c751e8b465ee728b)  -> (artifact id: 'ef7d12292580d9a69d5eebb16c388e92') in 0.019497 seconds 
========================================================================
Received Import Request.
  Time since last request: 27.179976 seconds.
  path: Assets/Scenes/Stage2Scene.unity
  artifactKey: Guid(bdbff735fb818374ea190cae4101deed) Importer(815301076,1909f56bfc062723c751e8b465ee728b)
Start importing Assets/Scenes/Stage2Scene.unity using Guid(bdbff735fb818374ea190cae4101deed) Importer(815301076,1909f56bfc062723c751e8b465ee728b)  -> (artifact id: '6134c981d5de1abd1eda5bf8d6f361d9') in 0.011068 seconds 
========================================================================
Received Import Request.
  Time since last request: 190.886321 seconds.
  path: Packages/com.unity.collab-proxy/Editor/Collaborate/Assets/Icons/status-info-light@2x.png
  artifactKey: Guid(e7a0d3e65a5b4ab4db5ba97e4fc06f99) Importer(815301076,1909f56bfc062723c751e8b465ee728b)
Start importing Packages/com.unity.collab-proxy/Editor/Collaborate/Assets/Icons/status-info-light@2x.png using Guid(e7a0d3e65a5b4ab4db5ba97e4fc06f99) Importer(815301076,1909f56bfc062723c751e8b465ee728b)  -> (artifact id: 'c7ba7a1ee807aa55eb64da9b6518a682') in 0.030149 seconds 
========================================================================
Received Import Request.
  Time since last request: 0.000031 seconds.
  path: Packages/com.unity.collab-proxy/Editor/Collaborate/Assets/Icons/status-warning-light.png
  artifactKey: Guid(7f5bfdeb677f0f9439f594f1cf98266a) Importer(815301076,1909f56bfc062723c751e8b465ee728b)
Start importing Packages/com.unity.collab-proxy/Editor/Collaborate/Assets/Icons/status-warning-light.png using Guid(7f5bfdeb677f0f9439f594f1cf98266a) Importer(815301076,1909f56bfc062723c751e8b465ee728b)  -> (artifact id: '96fee6672cd40291378c52d60969d477') in 0.028461 seconds 
========================================================================
Received Import Request.
  Time since last request: 3.745585 seconds.
  path: Packages/com.unity.collab-proxy/Editor/Collaborate/Assets/Icons/status-warning-light@2x.png
  artifactKey: Guid(274868c191eceec47af7c288217e75cd) Importer(815301076,1909f56bfc062723c751e8b465ee728b)
Start importing Packages/com.unity.collab-proxy/Editor/Collaborate/Assets/Icons/status-warning-light@2x.png using Guid(274868c191eceec47af7c288217e75cd) Importer(815301076,1909f56bfc062723c751e8b465ee728b)  -> (artifact id: '6e42a6e3e85f2c1d80973167145afdeb') in 0.030879 seconds 
========================================================================
Received Import Request.
  Time since last request: 0.000031 seconds.
  path: Packages/com.unity.collab-proxy/Editor/PlasticSCM/Assets/Images/step2.png
  artifactKey: Guid(cd0b17b71a5c498428ee91dee8a78a88) Importer(815301076,1909f56bfc062723c751e8b465ee728b)
Start importing Packages/com.unity.collab-proxy/Editor/PlasticSCM/Assets/Images/step2.png using Guid(cd0b17b71a5c498428ee91dee8a78a88) Importer(815301076,1909f56bfc062723c751e8b465ee728b)  -> (artifact id: '7cf137b5b77f9bb36422b6e97aef771e') in 0.034675 seconds 
========================================================================
Received Import Request.
  Time since last request: 0.004038 seconds.
  path: Packages/com.unity.collab-proxy/Editor/PlasticSCM/Assets/Images/step2@2x.png
  artifactKey: Guid(0029170d14ce6c04c9f45c22cdae5559) Importer(815301076,1909f56bfc062723c751e8b465ee728b)
Start importing Packages/com.unity.collab-proxy/Editor/PlasticSCM/Assets/Images/step2@2x.png using Guid(0029170d14ce6c04c9f45c22cdae5559) Importer(815301076,1909f56bfc062723c751e8b465ee728b)  -> (artifact id: '961197f791374ec746508ab779bddbc0') in 0.038224 seconds 
========================================================================
Received Import Request.
  Time since last request: 0.000029 seconds.
  path: Packages/com.unity.collab-proxy/Editor/PlasticSCM/Assets/Images/step3@2x.png
  artifactKey: Guid(36e6970b84831434a9eac79abd03700b) Importer(815301076,1909f56bfc062723c751e8b465ee728b)
Start importing Packages/com.unity.collab-proxy/Editor/PlasticSCM/Assets/Images/step3@2x.png using Guid(36e6970b84831434a9eac79abd03700b) Importer(815301076,1909f56bfc062723c751e8b465ee728b)  -> (artifact id: '3376f0cd7da3ae3e1934739d6e3d9d73') in 0.031711 seconds 
========================================================================
Received Import Request.
  Time since last request: 0.002008 seconds.
  path: Packages/com.unity.collab-proxy/Editor/PlasticSCM/Assets/Images/stepok@2x.png
  artifactKey: Guid(be340a165cb9c8d4cb50f1deeb51d4ea) Importer(815301076,1909f56bfc062723c751e8b465ee728b)
Start importing Packages/com.unity.collab-proxy/Editor/PlasticSCM/Assets/Images/stepok@2x.png using Guid(be340a165cb9c8d4cb50f1deeb51d4ea) Importer(815301076,1909f56bfc062723c751e8b465ee728b)  -> (artifact id: 'f94958e94c0834cd7ef903992a1264f0') in 0.033399 seconds 
========================================================================
Received Import Request.
  Time since last request: 0.147524 seconds.
  path: Packages/com.unity.inputsystem/InputSystem/Editor/Icons/Stick@2x.png
  artifactKey: Guid(5881d226463a047cb8db57c9cb0ebc0f) Importer(815301076,1909f56bfc062723c751e8b465ee728b)
Start importing Packages/com.unity.inputsystem/InputSystem/Editor/Icons/Stick@2x.png using Guid(5881d226463a047cb8db57c9cb0ebc0f) Importer(815301076,1909f56bfc062723c751e8b465ee728b)  -> (artifact id: '9d7b9ac169a5909476ea39af9a4680f1') in 0.027431 seconds 
========================================================================
Received Import Request.
  Time since last request: 0.000033 seconds.
  path: Packages/com.unity.2d.path/Editor/Handles/TangentBroken.png
  artifactKey: Guid(b370d25fdf6f8914287e27c0c3dede6a) Importer(815301076,1909f56bfc062723c751e8b465ee728b)
Start importing Packages/com.unity.2d.path/Editor/Handles/TangentBroken.png using Guid(b370d25fdf6f8914287e27c0c3dede6a) Importer(815301076,1909f56bfc062723c751e8b465ee728b)  -> (artifact id: '23af3c8cffb106f1b749d603aa15aeeb') in 0.036452 seconds 
========================================================================
Received Import Request.
  Time since last request: 0.000025 seconds.
  path: Packages/com.unity.2d.path/Editor/Handles/TangentBrokenPro.png
  artifactKey: Guid(3f0215e89d05b544d907d3a7d34fab63) Importer(815301076,1909f56bfc062723c751e8b465ee728b)
Start importing Packages/com.unity.2d.path/Editor/Handles/TangentBrokenPro.png using Guid(3f0215e89d05b544d907d3a7d34fab63) Importer(815301076,1909f56bfc062723c751e8b465ee728b)  -> (artifact id: 'e8b641ac4c69947a5503c59ed47eb0d2') in 0.034393 seconds 
========================================================================
Received Import Request.
  Time since last request: 0.000818 seconds.
  path: Packages/com.unity.2d.path/Editor/Handles/TangentContinuousPro.png
  artifactKey: Guid(8d4a2ded892e27742bb6d4d263639dff) Importer(815301076,1909f56bfc062723c751e8b465ee728b)
Start importing Packages/com.unity.2d.path/Editor/Handles/TangentContinuousPro.png using Guid(8d4a2ded892e27742bb6d4d263639dff) Importer(815301076,1909f56bfc062723c751e8b465ee728b)  -> (artifact id: '2548894011749c75accd077b06eb169b') in 0.034927 seconds 
========================================================================
Received Import Request.
  Time since last request: 0.209163 seconds.
  path: Packages/com.unity.2d.path/Editor/Handles/TangentLinearPro.png
  artifactKey: Guid(cafc16189f045f445bad6f5eb9e13541) Importer(815301076,1909f56bfc062723c751e8b465ee728b)
Start importing Packages/com.unity.2d.path/Editor/Handles/TangentLinearPro.png using Guid(cafc16189f045f445bad6f5eb9e13541) Importer(815301076,1909f56bfc062723c751e8b465ee728b)  -> (artifact id: '462bea55d104ba6a9e088ff59dc5eaad') in 0.033126 seconds 
========================================================================
Received Import Request.
  Time since last request: 0.000025 seconds.
  path: Packages/com.unity.timeline/Editor/StyleSheets/Images/Icons/Timeline-Marker-Warning-Overlay.png
  artifactKey: Guid(945f4ecec6df62244b9ebcc363833642) Importer(815301076,1909f56bfc062723c751e8b465ee728b)
Start importing Packages/com.unity.timeline/Editor/StyleSheets/Images/Icons/Timeline-Marker-Warning-Overlay.png using Guid(945f4ecec6df62244b9ebcc363833642) Importer(815301076,1909f56bfc062723c751e8b465ee728b)  -> (artifact id: '8ea7f33a125ed31fb5c4bbc534e091f0') in 0.028091 seconds 
========================================================================
Received Import Request.
  Time since last request: 0.046246 seconds.
  path: Packages/com.unity.timeline/Editor/StyleSheets/Images/LightSkin/TimelineActivation.png
  artifactKey: Guid(2887294cc7f1fe840bff6e349409648d) Importer(815301076,1909f56bfc062723c751e8b465ee728b)
Start importing Packages/com.unity.timeline/Editor/StyleSheets/Images/LightSkin/TimelineActivation.png using Guid(2887294cc7f1fe840bff6e349409648d) Importer(815301076,1909f56bfc062723c751e8b465ee728b)  -> (artifact id: '03f669b83be85d71fb85e7330bc0a6f9') in 0.024833 seconds 
========================================================================
Received Import Request.
  Time since last request: 0.179843 seconds.
  path: Packages/com.unity.timeline/Editor/StyleSheets/Images/DarkSkin/TimelineAutokey.png
  artifactKey: Guid(92b5e4310629b264dad0fb2cc196d818) Importer(815301076,1909f56bfc062723c751e8b465ee728b)
Start importing Packages/com.unity.timeline/Editor/StyleSheets/Images/DarkSkin/TimelineAutokey.png using Guid(92b5e4310629b264dad0fb2cc196d818) Importer(815301076,1909f56bfc062723c751e8b465ee728b)  -> (artifact id: '0d46d1f87b6ac028b3ea466b46d608b3') in 0.069359 seconds 
========================================================================
Received Import Request.
  Time since last request: 0.000056 seconds.
  path: Packages/com.unity.timeline/Editor/StyleSheets/Images/DarkSkin/TimelineAutokey@2x.png
  artifactKey: Guid(af24c542434a025448222d576f61a956) Importer(815301076,1909f56bfc062723c751e8b465ee728b)
Start importing Packages/com.unity.timeline/Editor/StyleSheets/Images/DarkSkin/TimelineAutokey@2x.png using Guid(af24c542434a025448222d576f61a956) Importer(815301076,1909f56bfc062723c751e8b465ee728b)  -> (artifact id: 'c3cd04b8fd62a4e6bd5ad7a4b5d9b185') in 0.026477 seconds 
========================================================================
Received Import Request.
  Time since last request: 0.220486 seconds.
  path: Packages/com.unity.timeline/Editor/StyleSheets/Images/DarkSkin/TimelineAutokey_active.png
  artifactKey: Guid(e17ee60887efdd04389991a15ee0c578) Importer(815301076,1909f56bfc062723c751e8b465ee728b)
Start importing Packages/com.unity.timeline/Editor/StyleSheets/Images/DarkSkin/TimelineAutokey_active.png using Guid(e17ee60887efdd04389991a15ee0c578) Importer(815301076,1909f56bfc062723c751e8b465ee728b)  -> (artifact id: 'ff252a2770b10f3e9a873d49ec0a9dab') in 0.031485 seconds 
========================================================================
Received Import Request.
  Time since last request: 0.000023 seconds.
  path: Packages/com.unity.timeline/Editor/StyleSheets/Images/DarkSkin/TimelineAutokey_active@2x.png
  artifactKey: Guid(183f7b7549219ab47becb461a16df882) Importer(815301076,1909f56bfc062723c751e8b465ee728b)
Start importing Packages/com.unity.timeline/Editor/StyleSheets/Images/DarkSkin/TimelineAutokey_active@2x.png using Guid(183f7b7549219ab47becb461a16df882) Importer(815301076,1909f56bfc062723c751e8b465ee728b)  -> (artifact id: 'd8d9622bcb0f76448cfb6cb43e974fbc') in 0.029100 seconds 
========================================================================
Received Import Request.
  Time since last request: 0.009009 seconds.
  path: Packages/com.unity.timeline/Editor/StyleSheets/Images/Shared/TimelineBottomShadow.png
  artifactKey: Guid(db66ea47c76423f4a881937d34495801) Importer(815301076,1909f56bfc062723c751e8b465ee728b)
Start importing Packages/com.unity.timeline/Editor/StyleSheets/Images/Shared/TimelineBottomShadow.png using Guid(db66ea47c76423f4a881937d34495801) Importer(815301076,1909f56bfc062723c751e8b465ee728b)  -> (artifact id: '6b3a082953a65071dd65c27b9bc649e5') in 0.032557 seconds 
========================================================================
Received Import Request.
  Time since last request: 0.005812 seconds.
  path: Packages/com.unity.timeline/Editor/StyleSheets/Images/Icons/TimelineClipFG.png
  artifactKey: Guid(33b1871a2d09cfa459a93f4e8feb5c41) Importer(815301076,1909f56bfc062723c751e8b465ee728b)
Start importing Packages/com.unity.timeline/Editor/StyleSheets/Images/Icons/TimelineClipFG.png using Guid(33b1871a2d09cfa459a93f4e8feb5c41) Importer(815301076,1909f56bfc062723c751e8b465ee728b)  -> (artifact id: '4901836c823e3cf89b32988bc6bb74d6') in 0.029173 seconds 
========================================================================
Received Import Request.
  Time since last request: 0.139575 seconds.
  path: Packages/com.unity.timeline/Editor/StyleSheets/Images/Icons/TimelineCollapseMarkerButtonEnabled.png
  artifactKey: Guid(0367ce1ebbbb18940b79eed63a0315d5) Importer(815301076,1909f56bfc062723c751e8b465ee728b)
Start importing Packages/com.unity.timeline/Editor/StyleSheets/Images/Icons/TimelineCollapseMarkerButtonEnabled.png using Guid(0367ce1ebbbb18940b79eed63a0315d5) Importer(815301076,1909f56bfc062723c751e8b465ee728b)  -> (artifact id: '70912f997db7fd6a2aed08f23b38576d') in 0.028144 seconds 
========================================================================
Received Import Request.
  Time since last request: 0.000035 seconds.
  path: Packages/com.unity.timeline/Editor/StyleSheets/Images/LightSkin/TimelineContinue.png
  artifactKey: Guid(61c21f74972ba8246b3ea400a9231841) Importer(815301076,1909f56bfc062723c751e8b465ee728b)
Start importing Packages/com.unity.timeline/Editor/StyleSheets/Images/LightSkin/TimelineContinue.png using Guid(61c21f74972ba8246b3ea400a9231841) Importer(815301076,1909f56bfc062723c751e8b465ee728b)  -> (artifact id: '6c1db3707b9779f32f7ce3a8d8b69bfa') in 0.027930 seconds 
========================================================================
Received Import Request.
  Time since last request: 0.387312 seconds.
  path: Packages/com.unity.timeline/Editor/StyleSheets/Images/Icons/TimelineEditModeRippleOFF.png
  artifactKey: Guid(bd7b7cac6eb0c3f469781d9a729a1c94) Importer(815301076,1909f56bfc062723c751e8b465ee728b)
Start importing Packages/com.unity.timeline/Editor/StyleSheets/Images/Icons/TimelineEditModeRippleOFF.png using Guid(bd7b7cac6eb0c3f469781d9a729a1c94) Importer(815301076,1909f56bfc062723c751e8b465ee728b)  -> (artifact id: '57893a4d7972fcfcf27b8c3df6f662ac') in 0.027849 seconds 
========================================================================
Received Import Request.
  Time since last request: 0.053119 seconds.
  path: Packages/com.unity.timeline/Editor/StyleSheets/Images/DarkSkin/TimelineEndPlayback.png
  artifactKey: Guid(c285802d9d414814fad592b90b223f15) Importer(815301076,1909f56bfc062723c751e8b465ee728b)
Start importing Packages/com.unity.timeline/Editor/StyleSheets/Images/DarkSkin/TimelineEndPlayback.png using Guid(c285802d9d414814fad592b90b223f15) Importer(815301076,1909f56bfc062723c751e8b465ee728b)  -> (artifact id: 'd9aeca0b638e7fa3d5bb0f3e34b81c02') in 0.050535 seconds 
========================================================================
Received Import Request.
  Time since last request: 158.257927 seconds.
  path: Assets/Stone textures pack/Stone 01
  artifactKey: Guid(233a5b7657907ab4299450cf9495d68b) Importer(815301076,1909f56bfc062723c751e8b465ee728b)
Start importing Assets/Stone textures pack/Stone 01 using Guid(233a5b7657907ab4299450cf9495d68b) Importer(815301076,1909f56bfc062723c751e8b465ee728b)  -> (artifact id: '67326580e3469827b61f0254e6073dd4') in 0.009951 seconds 
========================================================================
Received Import Request.
  Time since last request: 0.097115 seconds.
  path: Assets/Stone textures pack/Stone 01/diffuse.tga
  artifactKey: Guid(54ccdb26b5047c54b828ced4bf15ca47) Importer(815301076,1909f56bfc062723c751e8b465ee728b)
Start importing Assets/Stone textures pack/Stone 01/diffuse.tga using Guid(54ccdb26b5047c54b828ced4bf15ca47) Importer(815301076,1909f56bfc062723c751e8b465ee728b)  -> (artifact id: '8ae1c5b0c6437c12a59590c902556817') in 0.024972 seconds 
========================================================================
Received Import Request.
  Time since last request: 0.000027 seconds.
  path: Assets/Stone textures pack/Stone 01/Stone pattern 01.mat
  artifactKey: Guid(6449059ea69669b4cac66cd9de185980) Importer(815301076,1909f56bfc062723c751e8b465ee728b)
Start importing Assets/Stone textures pack/Stone 01/Stone pattern 01.mat using Guid(6449059ea69669b4cac66cd9de185980) Importer(815301076,1909f56bfc062723c751e8b465ee728b)  -> (artifact id: '3def0d3cc5745cc42eadedd12d60708d') in 0.135093 seconds 
========================================================================
Received Import Request.
  Time since last request: 53.921657 seconds.
  path: Assets/Stone textures pack/Stone 02/diffuse.tga
  artifactKey: Guid(b169e118c58f9854bbb44103f2b40459) Importer(815301076,1909f56bfc062723c751e8b465ee728b)
Start importing Assets/Stone textures pack/Stone 02/diffuse.tga using Guid(b169e118c58f9854bbb44103f2b40459) Importer(815301076,1909f56bfc062723c751e8b465ee728b)  -> (artifact id: 'cc0d4d96bf1a51a153acd911b062e367') in 0.021434 seconds 
========================================================================
Received Import Request.
  Time since last request: 0.000037 seconds.
  path: Assets/Stone textures pack/Stone 02/preview.jpg
  artifactKey: Guid(5961ef8ec15c15a4a93653bee68e62b9) Importer(815301076,1909f56bfc062723c751e8b465ee728b)
Start importing Assets/Stone textures pack/Stone 02/preview.jpg using Guid(5961ef8ec15c15a4a93653bee68e62b9) Importer(815301076,1909f56bfc062723c751e8b465ee728b)  -> (artifact id: 'ccf30f1ea04e1a134223f61034be0adc') in 0.019047 seconds 
========================================================================
Received Import Request.
  Time since last request: 8.547555 seconds.
  path: Assets/Stone textures pack/Stone 04/diffuse.tga
  artifactKey: Guid(e4ede2e6c10541546b717e9b8f8e14fd) Importer(815301076,1909f56bfc062723c751e8b465ee728b)
Start importing Assets/Stone textures pack/Stone 04/diffuse.tga using Guid(e4ede2e6c10541546b717e9b8f8e14fd) Importer(815301076,1909f56bfc062723c751e8b465ee728b)  -> (artifact id: '6a41462dd25cbfecba662cac9d3bab19') in 0.021654 seconds 
========================================================================
Received Import Request.
  Time since last request: 0.000040 seconds.
  path: Assets/Stone textures pack/Stone 04/preview.jpg
  artifactKey: Guid(e0db8e581ce3ac94d8bced881eb705ad) Importer(815301076,1909f56bfc062723c751e8b465ee728b)
Start importing Assets/Stone textures pack/Stone 04/preview.jpg using Guid(e0db8e581ce3ac94d8bced881eb705ad) Importer(815301076,1909f56bfc062723c751e8b465ee728b)  -> (artifact id: '67d4ba895feef37db855d0e463e12303') in 0.019263 seconds 
========================================================================
Received Import Request.
  Time since last request: 0.416799 seconds.
  path: Assets/Stone textures pack/Stone 08/diffuse.tga
  artifactKey: Guid(000b68cbe19fdba4ca65073a3adda11a) Importer(815301076,1909f56bfc062723c751e8b465ee728b)
Start importing Assets/Stone textures pack/Stone 08/diffuse.tga using Guid(000b68cbe19fdba4ca65073a3adda11a) Importer(815301076,1909f56bfc062723c751e8b465ee728b)  -> (artifact id: '102d0c3a0dd3858c46c0a6e184681ec7') in 0.020192 seconds 
========================================================================
Received Import Request.
  Time since last request: 0.000031 seconds.
  path: Assets/Stone textures pack/Stone 08/Stone pattern 08.mat
  artifactKey: Guid(3a00b84d9284d254080983707c886839) Importer(815301076,1909f56bfc062723c751e8b465ee728b)
Start importing Assets/Stone textures pack/Stone 08/Stone pattern 08.mat using Guid(3a00b84d9284d254080983707c886839) Importer(815301076,1909f56bfc062723c751e8b465ee728b)  -> (artifact id: 'db2d03457f4c296876943574c188a2d0') in 0.133275 seconds 
========================================================================
Received Import Request.
  Time since last request: 301.163712 seconds.
  path: Assets/Hand Painted Seamless Wood Texture/Materials/Wood2.mat
  artifactKey: Guid(188751c380205f9419a9a8f324d33b0b) Importer(815301076,1909f56bfc062723c751e8b465ee728b)
Start importing Assets/Hand Painted Seamless Wood Texture/Materials/Wood2.mat using Guid(188751c380205f9419a9a8f324d33b0b) Importer(815301076,1909f56bfc062723c751e8b465ee728b)  -> (artifact id: 'c268246e8ab2ae542e93cb07060ce8b7') in 0.027815 seconds 
========================================================================
Received Import Request.
  Time since last request: 9.836933 seconds.
  path: Assets/Hand Painted Seamless Wood Texture/Materials
  artifactKey: Guid(d365b809516b91947ad091652874cf4a) Importer(815301076,1909f56bfc062723c751e8b465ee728b)
Start importing Assets/Hand Painted Seamless Wood Texture/Materials using Guid(d365b809516b91947ad091652874cf4a) Importer(815301076,1909f56bfc062723c751e8b465ee728b)  -> (artifact id: 'db1427e4b26b532e4b3048595033c54c') in 0.009676 seconds 
========================================================================
Received Import Request.
  Time since last request: 148.823184 seconds.
  path: Assets/Hand Painted Seamless Wood Texture/Materials/M_Wood1.mat
  artifactKey: Guid(71e8951740b2a224480948e4515f6e2f) Importer(815301076,1909f56bfc062723c751e8b465ee728b)
Start importing Assets/Hand Painted Seamless Wood Texture/Materials/M_Wood1.mat using Guid(71e8951740b2a224480948e4515f6e2f) Importer(815301076,1909f56bfc062723c751e8b465ee728b)  -> (artifact id: '9158b6f3ab78decccaeb734ccf57d9cb') in 0.038557 seconds 
========================================================================
Received Import Request.
  Time since last request: 61.994758 seconds.
  path: Packages/com.unity.2d.common/package.json
  artifactKey: Guid(68f1917ec3cac45b080c26153375c2bb) Importer(815301076,1909f56bfc062723c751e8b465ee728b)
Start importing Packages/com.unity.2d.common/package.json using Guid(68f1917ec3cac45b080c26153375c2bb) Importer(815301076,1909f56bfc062723c751e8b465ee728b)  -> (artifact id: 'c754da8ecee7156dc9b52340b2b60383') in 0.021650 seconds 
========================================================================
Received Import Request.
  Time since last request: 37.932347 seconds.
  path: Assets/Stone textures pack/Stone 06/diffuse.tga
  artifactKey: Guid(e14dbf10fd0a5e94a8f74541cdcc6d7c) Importer(815301076,1909f56bfc062723c751e8b465ee728b)
Start importing Assets/Stone textures pack/Stone 06/diffuse.tga using Guid(e14dbf10fd0a5e94a8f74541cdcc6d7c) Importer(815301076,1909f56bfc062723c751e8b465ee728b)  -> (artifact id: '0d95c03b79a00f4c370ccb25b7ffba4e') in 0.019776 seconds 
========================================================================
Received Import Request.
  Time since last request: 0.000026 seconds.
  path: Assets/Stone textures pack/Stone 06/preview.jpg
  artifactKey: Guid(296110b52047b6f40b5595de664ae945) Importer(815301076,1909f56bfc062723c751e8b465ee728b)
Start importing Assets/Stone textures pack/Stone 06/preview.jpg using Guid(296110b52047b6f40b5595de664ae945) Importer(815301076,1909f56bfc062723c751e8b465ee728b)  -> (artifact id: '7482dc5962112538b2fe6a9f821e5dc3') in 0.019228 seconds 
========================================================================
Received Import Request.
  Time since last request: 82.922567 seconds.
  path: Assets/Stone textures pack/Stone 03/diffuse.tga
  artifactKey: Guid(2978069445888204cb7ea4896fb1cb86) Importer(815301076,1909f56bfc062723c751e8b465ee728b)
Start importing Assets/Stone textures pack/Stone 03/diffuse.tga using Guid(2978069445888204cb7ea4896fb1cb86) Importer(815301076,1909f56bfc062723c751e8b465ee728b)  -> (artifact id: '99a8a86da49660c29be49eef36df8662') in 0.021588 seconds 
========================================================================
Received Import Request.
  Time since last request: 0.000037 seconds.
  path: Assets/Stone textures pack/Stone 03/preview.jpg
  artifactKey: Guid(25a0443ae6f60894c8d6a0bd9e32c923) Importer(815301076,1909f56bfc062723c751e8b465ee728b)
Start importing Assets/Stone textures pack/Stone 03/preview.jpg using Guid(25a0443ae6f60894c8d6a0bd9e32c923) Importer(815301076,1909f56bfc062723c751e8b465ee728b)  -> (artifact id: 'eb7d143314a6660a53503acb80ac9e0a') in 0.022271 seconds 
========================================================================
Received Import Request.
  Time since last request: 0.298257 seconds.
  path: Assets/Stone textures pack/Stone 05/diffuse.tga
  artifactKey: Guid(f971c85df37f9924b9e391d870d2b7ad) Importer(815301076,1909f56bfc062723c751e8b465ee728b)
Start importing Assets/Stone textures pack/Stone 05/diffuse.tga using Guid(f971c85df37f9924b9e391d870d2b7ad) Importer(815301076,1909f56bfc062723c751e8b465ee728b)  -> (artifact id: '7f3c3a8a9c577177b45fb17906d8fa0d') in 0.022662 seconds 
========================================================================
Received Import Request.
  Time since last request: 0.000046 seconds.
  path: Assets/Stone textures pack/Stone 05/Stone pattern 05.mat
  artifactKey: Guid(acb23bffac3cff04193f6eabf5ba41ee) Importer(815301076,1909f56bfc062723c751e8b465ee728b)
Start importing Assets/Stone textures pack/Stone 05/Stone pattern 05.mat using Guid(acb23bffac3cff04193f6eabf5ba41ee) Importer(815301076,1909f56bfc062723c751e8b465ee728b)  -> (artifact id: '4acec690b440b7514605c92e8cc47229') in 0.024929 seconds 
========================================================================
Received Import Request.
  Time since last request: 0.423426 seconds.
  path: Assets/Stone textures pack/Stone 07/diffuse.tga
  artifactKey: Guid(dd20f5a571e46c64c811afd8af81f650) Importer(815301076,1909f56bfc062723c751e8b465ee728b)
Start importing Assets/Stone textures pack/Stone 07/diffuse.tga using Guid(dd20f5a571e46c64c811afd8af81f650) Importer(815301076,1909f56bfc062723c751e8b465ee728b)  -> (artifact id: '30866f304d2c5c1132d66c01b1e1270b') in 0.021687 seconds 
========================================================================
Received Import Request.
  Time since last request: 0.000029 seconds.
  path: Assets/Stone textures pack/Stone 07/Stone pattern 07.mat
  artifactKey: Guid(bd42adafec928ba45819d64677017bbd) Importer(815301076,1909f56bfc062723c751e8b465ee728b)
Start importing Assets/Stone textures pack/Stone 07/Stone pattern 07.mat using Guid(bd42adafec928ba45819d64677017bbd) Importer(815301076,1909f56bfc062723c751e8b465ee728b)  -> (artifact id: '6c308d5daa29a183c143281035e0c302') in 0.025409 seconds 
========================================================================
Received Import Request.
  Time since last request: 2.937990 seconds.
  path: Assets/Stone textures pack/Stone 12/diffuse.tga
  artifactKey: Guid(4fc5540dc01d5524097d4d3989266816) Importer(815301076,1909f56bfc062723c751e8b465ee728b)
Start importing Assets/Stone textures pack/Stone 12/diffuse.tga using Guid(4fc5540dc01d5524097d4d3989266816) Importer(815301076,1909f56bfc062723c751e8b465ee728b)  -> (artifact id: '017f7038d610f8f35a2679c6b00a4e9f') in 0.021532 seconds 
========================================================================
Received Import Request.
  Time since last request: 0.000040 seconds.
  path: Assets/Stone textures pack/Stone 12/preview.jpg
  artifactKey: Guid(ffedf6845d8d699479b480298a76427b) Importer(815301076,1909f56bfc062723c751e8b465ee728b)
Start importing Assets/Stone textures pack/Stone 12/preview.jpg using Guid(ffedf6845d8d699479b480298a76427b) Importer(815301076,1909f56bfc062723c751e8b465ee728b)  -> (artifact id: '15a9b5bf30bd925302a3c54ec573f9f7') in 0.019729 seconds 
========================================================================
Received Import Request.
  Time since last request: 0.334544 seconds.
  path: Assets/Stone textures pack/Stone 14/diffuse.tga
  artifactKey: Guid(44d39ff6e596ca34abae5799ba6f9315) Importer(815301076,1909f56bfc062723c751e8b465ee728b)
Start importing Assets/Stone textures pack/Stone 14/diffuse.tga using Guid(44d39ff6e596ca34abae5799ba6f9315) Importer(815301076,1909f56bfc062723c751e8b465ee728b)  -> (artifact id: '35cb046bdac320a12b62bd00102e0e7d') in 0.020849 seconds 
========================================================================
Received Import Request.
  Time since last request: 0.000027 seconds.
  path: Assets/Stone textures pack/Stone 14/Stone pattern 14.mat
  artifactKey: Guid(9e66d158d139bf044b9b85667b295490) Importer(815301076,1909f56bfc062723c751e8b465ee728b)
Start importing Assets/Stone textures pack/Stone 14/Stone pattern 14.mat using Guid(9e66d158d139bf044b9b85667b295490) Importer(815301076,1909f56bfc062723c751e8b465ee728b)  -> (artifact id: 'dff0c3c423f4286b1d9326ae94c4ebf0') in 0.024528 seconds 
========================================================================
Received Import Request.
  Time since last request: 0.471158 seconds.
  path: Assets/Stone textures pack/Stone 11/diffuse.tga
  artifactKey: Guid(4ca185e17db0fb24293642a48b402a8d) Importer(815301076,1909f56bfc062723c751e8b465ee728b)
Start importing Assets/Stone textures pack/Stone 11/diffuse.tga using Guid(4ca185e17db0fb24293642a48b402a8d) Importer(815301076,1909f56bfc062723c751e8b465ee728b)  -> (artifact id: '65c0af4144a4aa10a851d12b301ffd5d') in 0.023037 seconds 
========================================================================
Received Import Request.
  Time since last request: 0.000030 seconds.
  path: Assets/Stone textures pack/Stone 11/preview.jpg
  artifactKey: Guid(b9886d7b83688c54c98fcc7c823733cd) Importer(815301076,1909f56bfc062723c751e8b465ee728b)
Start importing Assets/Stone textures pack/Stone 11/preview.jpg using Guid(b9886d7b83688c54c98fcc7c823733cd) Importer(815301076,1909f56bfc062723c751e8b465ee728b)  -> (artifact id: 'eaa094a46a54f61fb1deb7cbefbcbc70') in 0.021107 seconds 
========================================================================
Received Import Request.
  Time since last request: 1.135390 seconds.
  path: Assets/Stone textures pack/Stone 13/diffuse.tga
  artifactKey: Guid(067c15f7ef5f5044ea0890d1596fa8d4) Importer(815301076,1909f56bfc062723c751e8b465ee728b)
Start importing Assets/Stone textures pack/Stone 13/diffuse.tga using Guid(067c15f7ef5f5044ea0890d1596fa8d4) Importer(815301076,1909f56bfc062723c751e8b465ee728b)  -> (artifact id: 'fa6ade2a4149f5f37f8e142766cc80ae') in 0.021793 seconds 
========================================================================
Received Import Request.
  Time since last request: 0.000033 seconds.
  path: Assets/Stone textures pack/Stone 13/Stone pattern 13.mat
  artifactKey: Guid(bbb823d717bf5b8419eb0811b16c1d7f) Importer(815301076,1909f56bfc062723c751e8b465ee728b)
Start importing Assets/Stone textures pack/Stone 13/Stone pattern 13.mat using Guid(bbb823d717bf5b8419eb0811b16c1d7f) Importer(815301076,1909f56bfc062723c751e8b465ee728b)  -> (artifact id: '2f878e10cdd568803633fab72ce30b6d') in 0.023374 seconds 
========================================================================
Received Import Request.
  Time since last request: 25.951951 seconds.
  path: Assets/Stone textures pack/Stone 10/diffuse.tga
  artifactKey: Guid(7e207e25b8538e64db92b45fff5202b4) Importer(815301076,1909f56bfc062723c751e8b465ee728b)
Start importing Assets/Stone textures pack/Stone 10/diffuse.tga using Guid(7e207e25b8538e64db92b45fff5202b4) Importer(815301076,1909f56bfc062723c751e8b465ee728b)  -> (artifact id: 'f4c2bc863f98dd59fe9199aeba5423b8') in 0.021720 seconds 
========================================================================
Received Import Request.
  Time since last request: 0.000032 seconds.
  path: Assets/Stone textures pack/Stone 10/preview.jpg
  artifactKey: Guid(db0c78cd93d0892438f61547e251055c) Importer(815301076,1909f56bfc062723c751e8b465ee728b)
Start importing Assets/Stone textures pack/Stone 10/preview.jpg using Guid(db0c78cd93d0892438f61547e251055c) Importer(815301076,1909f56bfc062723c751e8b465ee728b)  -> (artifact id: '4183b9117879905557fcf75768bdfed1') in 0.019875 seconds 
========================================================================
Received Import Request.
  Time since last request: 0.550708 seconds.
  path: Assets/Stone textures pack/Stone 09/diffuse.tga
  artifactKey: Guid(207a3f895420f624295c9b65abffb57c) Importer(815301076,1909f56bfc062723c751e8b465ee728b)
Start importing Assets/Stone textures pack/Stone 09/diffuse.tga using Guid(207a3f895420f624295c9b65abffb57c) Importer(815301076,1909f56bfc062723c751e8b465ee728b)  -> (artifact id: '6e3a453852722b6c0becc8ae00c0e75c') in 0.022053 seconds 
========================================================================
Received Import Request.
  Time since last request: 0.000038 seconds.
  path: Assets/Stone textures pack/Stone 09/preview.jpg
  artifactKey: Guid(e5c9eb11c2bd7a2489073a08c9e2eee0) Importer(815301076,1909f56bfc062723c751e8b465ee728b)
Start importing Assets/Stone textures pack/Stone 09/preview.jpg using Guid(e5c9eb11c2bd7a2489073a08c9e2eee0) Importer(815301076,1909f56bfc062723c751e8b465ee728b)  -> (artifact id: '20335c966caa2b059a12ab245a34a4ec') in 0.020948 seconds 
========================================================================
Received Import Request.
  Time since last request: 293.215902 seconds.
  path: Assets/HandPaintedRockTextures/Materials/torii-gate-in-a-dense-forest-filled-with-trees_2474450_wh860.png
  artifactKey: Guid(f0e6083838e8e764e8d9cfd853a3c34e) Importer(815301076,1909f56bfc062723c751e8b465ee728b)
Start importing Assets/HandPaintedRockTextures/Materials/torii-gate-in-a-dense-forest-filled-with-trees_2474450_wh860.png using Guid(f0e6083838e8e764e8d9cfd853a3c34e) Importer(815301076,1909f56bfc062723c751e8b465ee728b)  -> (artifact id: '9d6fb259e278abc989f6ee0efe147895') in 0.076296 seconds 
========================================================================
Received Import Request.
  Time since last request: 85.991436 seconds.
  path: Assets/picture/aig-ai230706199-xl_TP_V4.jpg
  artifactKey: Guid(8bc30b1edae03c14b8a6105a720bf7e4) Importer(815301076,1909f56bfc062723c751e8b465ee728b)
Start importing Assets/picture/aig-ai230706199-xl_TP_V4.jpg using Guid(8bc30b1edae03c14b8a6105a720bf7e4) Importer(815301076,1909f56bfc062723c751e8b465ee728b)  -> (artifact id: '159c3400bdaadc3b9a3d8a266ae25bc9') in 0.065656 seconds 
========================================================================
Received Prepare
Registering precompiled user dll's ...
Registered in 0.008576 seconds.
Begin MonoManager ReloadAssembly
Symbol file LoadedFromMemory doesn't match image C:\Users\watan\Documents\GitHub\Kakuto24\Library\PackageCache\com.unity.visualscripting@1.7.8\Editor\VisualScripting.Core\Dependencies\YamlDotNet\Unity.VisualScripting.YamlDotNet.dll
Symbol file LoadedFromMemory doesn't match image C:\Users\watan\Documents\GitHub\Kakuto24\Library\PackageCache\com.unity.visualscripting@1.7.8\Editor\VisualScripting.Core\Dependencies\DotNetZip\Unity.VisualScripting.IonicZip.dll
Native extension for WindowsStandalone target not found
Refreshing native plugins compatible for Editor in 1.34 ms, found 4 plugins.
Preloading 0 native plugins for Editor in 0.00 ms.
Mono: successfully reloaded assembly
- Completed reload, in  1.622 seconds
Domain Reload Profiling:
	ReloadAssembly (1624ms)
		BeginReloadAssembly (171ms)
			ExecutionOrderSort (0ms)
			DisableScriptedObjects (7ms)
			BackupInstance (0ms)
			ReleaseScriptingObjects (0ms)
			CreateAndSetChildDomain (58ms)
		EndReloadAssembly (1344ms)
			LoadAssemblies (97ms)
			RebuildTransferFunctionScriptingTraits (0ms)
			SetupTypeCache (412ms)
			ReleaseScriptCaches (2ms)
			RebuildScriptCaches (86ms)
			SetupLoadedEditorAssemblies (636ms)
				LogAssemblyErrors (0ms)
				InitializePlatformSupportModulesInManaged (17ms)
				SetLoadedEditorAssemblies (1ms)
				RefreshPlugins (2ms)
				BeforeProcessingInitializeOnLoad (108ms)
				ProcessInitializeOnLoadAttributes (445ms)
				ProcessInitializeOnLoadMethodAttributes (57ms)
				AfterProcessingInitializeOnLoad (6ms)
				EditorAssembliesLoaded (0ms)
			ExecutionOrderSort2 (0ms)
			AwakeInstancesAfterBackupRestoration (15ms)
Platform modules already initialized, skipping
Refreshing native plugins compatible for Editor in 5.28 ms, found 4 plugins.
Preloading 0 native plugins for Editor in 0.00 ms.
Unloading 4422 Unused Serialized files (Serialized files now loaded: 0)
Unloading 32 unused Assets / (190.6 KB). Loaded Objects now: 4982.
Memory consumption went from 177.7 MB to 177.5 MB.
Total: 6.873200 ms (FindLiveObjects: 0.472000 ms CreateObjectMapping: 0.335900 ms MarkObjects: 5.824300 ms  DeleteObjects: 0.239300 ms)

AssetImportParameters requested are different than current active one (requested -> active):
  custom:video-decoder-ogg-theora: a1e56fd34408186e4bbccfd4996cb3dc -> 
  custom:container-muxer-webm: aa71ff27fc2769a1b78a27578f13a17b -> 
  custom:container-demuxer-webm: 4f35f7cbe854078d1ac9338744f61a02 -> 
  custom:video-encoder-webm-vp8: eb34c28f22e8b96e1ab97ce403110664 -> 
  custom:video-codec-MediaFoundation-h265: 746d11721c4dcdbdad8f713fa42b33f4 -> 
  custom:audio-encoder-webm-vorbis: bf7c407c2cedff20999df2af8eb42d56 -> 
  custom:framework-win-MediaFoundation: 216162199b28c13a410421893ffa2e32 -> 
  custom:container-demuxer-ogg: 62fdf1f143b41e24485cea50d1cbac27 -> 
  custom:video-decoder-webm-vp8: 9c59270c3fd7afecdb556c50c9e8de78 -> 
  custom:audio-decoder-ogg-vorbis: bf7c407c2cedff20999df2af8eb42d56 -> 
========================================================================
Received Prepare
Registering precompiled user dll's ...
Registered in 0.010262 seconds.
Begin MonoManager ReloadAssembly
Symbol file LoadedFromMemory doesn't match image C:\Users\watan\Documents\GitHub\Kakuto24\Library\PackageCache\com.unity.visualscripting@1.7.8\Editor\VisualScripting.Core\Dependencies\YamlDotNet\Unity.VisualScripting.YamlDotNet.dll
Symbol file LoadedFromMemory doesn't match image C:\Users\watan\Documents\GitHub\Kakuto24\Library\PackageCache\com.unity.visualscripting@1.7.8\Editor\VisualScripting.Core\Dependencies\DotNetZip\Unity.VisualScripting.IonicZip.dll
Native extension for WindowsStandalone target not found
Refreshing native plugins compatible for Editor in 1.95 ms, found 4 plugins.
Preloading 0 native plugins for Editor in 0.00 ms.
Mono: successfully reloaded assembly
- Completed reload, in  1.919 seconds
Domain Reload Profiling:
	ReloadAssembly (1920ms)
		BeginReloadAssembly (191ms)
			ExecutionOrderSort (0ms)
			DisableScriptedObjects (11ms)
			BackupInstance (0ms)
			ReleaseScriptingObjects (0ms)
			CreateAndSetChildDomain (57ms)
		EndReloadAssembly (1593ms)
			LoadAssemblies (127ms)
			RebuildTransferFunctionScriptingTraits (0ms)
			SetupTypeCache (415ms)
			ReleaseScriptCaches (3ms)
			RebuildScriptCaches (124ms)
			SetupLoadedEditorAssemblies (743ms)
				LogAssemblyErrors (0ms)
				InitializePlatformSupportModulesInManaged (25ms)
				SetLoadedEditorAssemblies (1ms)
				RefreshPlugins (2ms)
				BeforeProcessingInitializeOnLoad (137ms)
				ProcessInitializeOnLoadAttributes (500ms)
				ProcessInitializeOnLoadMethodAttributes (70ms)
				AfterProcessingInitializeOnLoad (7ms)
				EditorAssembliesLoaded (1ms)
			ExecutionOrderSort2 (0ms)
			AwakeInstancesAfterBackupRestoration (19ms)
Platform modules already initialized, skipping
Refreshing native plugins compatible for Editor in 3.81 ms, found 4 plugins.
Preloading 0 native plugins for Editor in 0.00 ms.
Unloading 4422 Unused Serialized files (Serialized files now loaded: 0)
Unloading 32 unused Assets / (191.0 KB). Loaded Objects now: 4985.
Memory consumption went from 177.7 MB to 177.5 MB.
Total: 6.411000 ms (FindLiveObjects: 0.607100 ms CreateObjectMapping: 0.364900 ms MarkObjects: 5.168200 ms  DeleteObjects: 0.268500 ms)

AssetImportParameters requested are different than current active one (requested -> active):
  custom:video-decoder-ogg-theora: a1e56fd34408186e4bbccfd4996cb3dc -> 
  custom:container-muxer-webm: aa71ff27fc2769a1b78a27578f13a17b -> 
  custom:container-demuxer-webm: 4f35f7cbe854078d1ac9338744f61a02 -> 
  custom:video-encoder-webm-vp8: eb34c28f22e8b96e1ab97ce403110664 -> 
  custom:video-codec-MediaFoundation-h265: 746d11721c4dcdbdad8f713fa42b33f4 -> 
  custom:audio-encoder-webm-vorbis: bf7c407c2cedff20999df2af8eb42d56 -> 
  custom:framework-win-MediaFoundation: 216162199b28c13a410421893ffa2e32 -> 
  custom:container-demuxer-ogg: 62fdf1f143b41e24485cea50d1cbac27 -> 
  custom:video-decoder-webm-vp8: 9c59270c3fd7afecdb556c50c9e8de78 -> 
  custom:audio-decoder-ogg-vorbis: bf7c407c2cedff20999df2af8eb42d56 -> 
========================================================================
Received Prepare
Registering precompiled user dll's ...
Registered in 0.006384 seconds.
Begin MonoManager ReloadAssembly
Symbol file LoadedFromMemory doesn't match image C:\Users\watan\Documents\GitHub\Kakuto24\Library\PackageCache\com.unity.visualscripting@1.7.8\Editor\VisualScripting.Core\Dependencies\YamlDotNet\Unity.VisualScripting.YamlDotNet.dll
Symbol file LoadedFromMemory doesn't match image C:\Users\watan\Documents\GitHub\Kakuto24\Library\PackageCache\com.unity.visualscripting@1.7.8\Editor\VisualScripting.Core\Dependencies\DotNetZip\Unity.VisualScripting.IonicZip.dll
Native extension for WindowsStandalone target not found
Refreshing native plugins compatible for Editor in 1.39 ms, found 4 plugins.
Preloading 0 native plugins for Editor in 0.00 ms.
Mono: successfully reloaded assembly
- Completed reload, in  1.945 seconds
Domain Reload Profiling:
	ReloadAssembly (1946ms)
		BeginReloadAssembly (191ms)
			ExecutionOrderSort (0ms)
			DisableScriptedObjects (11ms)
			BackupInstance (0ms)
			ReleaseScriptingObjects (0ms)
			CreateAndSetChildDomain (60ms)
		EndReloadAssembly (1614ms)
			LoadAssemblies (125ms)
			RebuildTransferFunctionScriptingTraits (0ms)
			SetupTypeCache (539ms)
			ReleaseScriptCaches (6ms)
			RebuildScriptCaches (136ms)
			SetupLoadedEditorAssemblies (658ms)
				LogAssemblyErrors (0ms)
				InitializePlatformSupportModulesInManaged (28ms)
				SetLoadedEditorAssemblies (1ms)
				RefreshPlugins (2ms)
				BeforeProcessingInitializeOnLoad (137ms)
				ProcessInitializeOnLoadAttributes (412ms)
				ProcessInitializeOnLoadMethodAttributes (70ms)
				AfterProcessingInitializeOnLoad (7ms)
				EditorAssembliesLoaded (1ms)
			ExecutionOrderSort2 (0ms)
			AwakeInstancesAfterBackupRestoration (15ms)
Platform modules already initialized, skipping
Refreshing native plugins compatible for Editor in 3.48 ms, found 4 plugins.
Preloading 0 native plugins for Editor in 0.00 ms.
Unloading 4422 Unused Serialized files (Serialized files now loaded: 0)
Unloading 32 unused Assets / (190.9 KB). Loaded Objects now: 4988.
Memory consumption went from 177.7 MB to 177.5 MB.
Total: 5.913300 ms (FindLiveObjects: 0.749300 ms CreateObjectMapping: 0.197600 ms MarkObjects: 4.714500 ms  DeleteObjects: 0.250400 ms)

AssetImportParameters requested are different than current active one (requested -> active):
  custom:video-decoder-ogg-theora: a1e56fd34408186e4bbccfd4996cb3dc -> 
  custom:container-muxer-webm: aa71ff27fc2769a1b78a27578f13a17b -> 
  custom:container-demuxer-webm: 4f35f7cbe854078d1ac9338744f61a02 -> 
  custom:video-encoder-webm-vp8: eb34c28f22e8b96e1ab97ce403110664 -> 
  custom:video-codec-MediaFoundation-h265: 746d11721c4dcdbdad8f713fa42b33f4 -> 
  custom:audio-encoder-webm-vorbis: bf7c407c2cedff20999df2af8eb42d56 -> 
  custom:framework-win-MediaFoundation: 216162199b28c13a410421893ffa2e32 -> 
  custom:container-demuxer-ogg: 62fdf1f143b41e24485cea50d1cbac27 -> 
  custom:video-decoder-webm-vp8: 9c59270c3fd7afecdb556c50c9e8de78 -> 
  custom:audio-decoder-ogg-vorbis: bf7c407c2cedff20999df2af8eb42d56 -> 
========================================================================
Received Prepare
Registering precompiled user dll's ...
Registered in 0.006588 seconds.
Begin MonoManager ReloadAssembly
Symbol file LoadedFromMemory doesn't match image C:\Users\watan\Documents\GitHub\Kakuto24\Library\PackageCache\com.unity.visualscripting@1.7.8\Editor\VisualScripting.Core\Dependencies\YamlDotNet\Unity.VisualScripting.YamlDotNet.dll
Symbol file LoadedFromMemory doesn't match image C:\Users\watan\Documents\GitHub\Kakuto24\Library\PackageCache\com.unity.visualscripting@1.7.8\Editor\VisualScripting.Core\Dependencies\DotNetZip\Unity.VisualScripting.IonicZip.dll
Native extension for WindowsStandalone target not found
Refreshing native plugins compatible for Editor in 1.42 ms, found 4 plugins.
Preloading 0 native plugins for Editor in 0.00 ms.
Mono: successfully reloaded assembly
- Completed reload, in  1.740 seconds
Domain Reload Profiling:
	ReloadAssembly (1742ms)
		BeginReloadAssembly (185ms)
			ExecutionOrderSort (0ms)
			DisableScriptedObjects (11ms)
			BackupInstance (0ms)
			ReleaseScriptingObjects (0ms)
			CreateAndSetChildDomain (59ms)
		EndReloadAssembly (1415ms)
			LoadAssemblies (120ms)
			RebuildTransferFunctionScriptingTraits (0ms)
			SetupTypeCache (365ms)
			ReleaseScriptCaches (3ms)
			RebuildScriptCaches (134ms)
			SetupLoadedEditorAssemblies (647ms)
				LogAssemblyErrors (0ms)
				InitializePlatformSupportModulesInManaged (16ms)
				SetLoadedEditorAssemblies (1ms)
				RefreshPlugins (2ms)
				BeforeProcessingInitializeOnLoad (121ms)
				ProcessInitializeOnLoadAttributes (446ms)
				ProcessInitializeOnLoadMethodAttributes (55ms)
				AfterProcessingInitializeOnLoad (6ms)
				EditorAssembliesLoaded (0ms)
			ExecutionOrderSort2 (0ms)
			AwakeInstancesAfterBackupRestoration (14ms)
Platform modules already initialized, skipping
Refreshing native plugins compatible for Editor in 3.76 ms, found 4 plugins.
Preloading 0 native plugins for Editor in 0.00 ms.
Unloading 4422 Unused Serialized files (Serialized files now loaded: 0)
Unloading 32 unused Assets / (191.9 KB). Loaded Objects now: 4991.
Memory consumption went from 177.7 MB to 177.5 MB.
Total: 6.143300 ms (FindLiveObjects: 0.696000 ms CreateObjectMapping: 0.383800 ms MarkObjects: 4.701000 ms  DeleteObjects: 0.359800 ms)

AssetImportParameters requested are different than current active one (requested -> active):
  custom:video-decoder-ogg-theora: a1e56fd34408186e4bbccfd4996cb3dc -> 
  custom:container-muxer-webm: aa71ff27fc2769a1b78a27578f13a17b -> 
  custom:container-demuxer-webm: 4f35f7cbe854078d1ac9338744f61a02 -> 
  custom:video-encoder-webm-vp8: eb34c28f22e8b96e1ab97ce403110664 -> 
  custom:video-codec-MediaFoundation-h265: 746d11721c4dcdbdad8f713fa42b33f4 -> 
  custom:audio-encoder-webm-vorbis: bf7c407c2cedff20999df2af8eb42d56 -> 
  custom:framework-win-MediaFoundation: 216162199b28c13a410421893ffa2e32 -> 
  custom:container-demuxer-ogg: 62fdf1f143b41e24485cea50d1cbac27 -> 
  custom:video-decoder-webm-vp8: 9c59270c3fd7afecdb556c50c9e8de78 -> 
  custom:audio-decoder-ogg-vorbis: bf7c407c2cedff20999df2af8eb42d56 -> 
========================================================================
Received Prepare
Registering precompiled user dll's ...
Registered in 0.006358 seconds.
Begin MonoManager ReloadAssembly
Symbol file LoadedFromMemory doesn't match image C:\Users\watan\Documents\GitHub\Kakuto24\Library\PackageCache\com.unity.visualscripting@1.7.8\Editor\VisualScripting.Core\Dependencies\YamlDotNet\Unity.VisualScripting.YamlDotNet.dll
Symbol file LoadedFromMemory doesn't match image C:\Users\watan\Documents\GitHub\Kakuto24\Library\PackageCache\com.unity.visualscripting@1.7.8\Editor\VisualScripting.Core\Dependencies\DotNetZip\Unity.VisualScripting.IonicZip.dll
Native extension for WindowsStandalone target not found
Refreshing native plugins compatible for Editor in 1.17 ms, found 4 plugins.
Preloading 0 native plugins for Editor in 0.00 ms.
Mono: successfully reloaded assembly
- Completed reload, in  1.521 seconds
Domain Reload Profiling:
	ReloadAssembly (1522ms)
		BeginReloadAssembly (157ms)
			ExecutionOrderSort (0ms)
			DisableScriptedObjects (9ms)
			BackupInstance (0ms)
			ReleaseScriptingObjects (0ms)
			CreateAndSetChildDomain (49ms)
		EndReloadAssembly (1266ms)
			LoadAssemblies (100ms)
			RebuildTransferFunctionScriptingTraits (0ms)
			SetupTypeCache (286ms)
			ReleaseScriptCaches (5ms)
			RebuildScriptCaches (105ms)
			SetupLoadedEditorAssemblies (636ms)
				LogAssemblyErrors (0ms)
				InitializePlatformSupportModulesInManaged (19ms)
				SetLoadedEditorAssemblies (1ms)
				RefreshPlugins (1ms)
				BeforeProcessingInitializeOnLoad (124ms)
				ProcessInitializeOnLoadAttributes (418ms)
				ProcessInitializeOnLoadMethodAttributes (64ms)
				AfterProcessingInitializeOnLoad (9ms)
				EditorAssembliesLoaded (0ms)
			ExecutionOrderSort2 (0ms)
			AwakeInstancesAfterBackupRestoration (15ms)
Platform modules already initialized, skipping
Refreshing native plugins compatible for Editor in 4.73 ms, found 4 plugins.
Preloading 0 native plugins for Editor in 0.00 ms.
Unloading 4422 Unused Serialized files (Serialized files now loaded: 0)
Unloading 32 unused Assets / (190.9 KB). Loaded Objects now: 4994.
Memory consumption went from 177.7 MB to 177.5 MB.
Total: 7.194900 ms (FindLiveObjects: 0.496100 ms CreateObjectMapping: 0.429000 ms MarkObjects: 5.802700 ms  DeleteObjects: 0.464800 ms)

AssetImportParameters requested are different than current active one (requested -> active):
  custom:video-decoder-ogg-theora: a1e56fd34408186e4bbccfd4996cb3dc -> 
  custom:container-muxer-webm: aa71ff27fc2769a1b78a27578f13a17b -> 
  custom:container-demuxer-webm: 4f35f7cbe854078d1ac9338744f61a02 -> 
  custom:video-encoder-webm-vp8: eb34c28f22e8b96e1ab97ce403110664 -> 
  custom:video-codec-MediaFoundation-h265: 746d11721c4dcdbdad8f713fa42b33f4 -> 
  custom:audio-encoder-webm-vorbis: bf7c407c2cedff20999df2af8eb42d56 -> 
  custom:framework-win-MediaFoundation: 216162199b28c13a410421893ffa2e32 -> 
  custom:container-demuxer-ogg: 62fdf1f143b41e24485cea50d1cbac27 -> 
  custom:video-decoder-webm-vp8: 9c59270c3fd7afecdb556c50c9e8de78 -> 
  custom:audio-decoder-ogg-vorbis: bf7c407c2cedff20999df2af8eb42d56 -> 
========================================================================
Received Import Request.
  Time since last request: 361.091040 seconds.
  path: Assets/picture/depositphotos_288491726-stock-photo-spaceship-neon-glowing-lights-laser 1.jpg
  artifactKey: Guid(296cae3050a9b9249bc0c488f4f12fec) Importer(815301076,1909f56bfc062723c751e8b465ee728b)
Start importing Assets/picture/depositphotos_288491726-stock-photo-spaceship-neon-glowing-lights-laser 1.jpg using Guid(296cae3050a9b9249bc0c488f4f12fec) Importer(815301076,1909f56bfc062723c751e8b465ee728b)  -> (artifact id: '51f6e8760701984a6ab638fae15752e7') in 0.090771 seconds 
========================================================================
Received Import Request.
  Time since last request: 55.551172 seconds.
  path: Assets/picture/publicdomainq-0070147oyx.jpg
  artifactKey: Guid(8d7769b4f7292c840b8275e53b492507) Importer(815301076,1909f56bfc062723c751e8b465ee728b)
Start importing Assets/picture/publicdomainq-0070147oyx.jpg using Guid(8d7769b4f7292c840b8275e53b492507) Importer(815301076,1909f56bfc062723c751e8b465ee728b)  -> (artifact id: 'd7ff33799c337f60c8431400249cc37a') in 0.060759 seconds 
========================================================================
Received Prepare
Registering precompiled user dll's ...
Registered in 0.005780 seconds.
Begin MonoManager ReloadAssembly
Symbol file LoadedFromMemory doesn't match image C:\Users\watan\Documents\GitHub\Kakuto24\Library\PackageCache\com.unity.visualscripting@1.7.8\Editor\VisualScripting.Core\Dependencies\YamlDotNet\Unity.VisualScripting.YamlDotNet.dll
Symbol file LoadedFromMemory doesn't match image C:\Users\watan\Documents\GitHub\Kakuto24\Library\PackageCache\com.unity.visualscripting@1.7.8\Editor\VisualScripting.Core\Dependencies\DotNetZip\Unity.VisualScripting.IonicZip.dll
Native extension for WindowsStandalone target not found
Refreshing native plugins compatible for Editor in 2.44 ms, found 4 plugins.
Preloading 0 native plugins for Editor in 0.00 ms.
Mono: successfully reloaded assembly
- Completed reload, in  1.819 seconds
Domain Reload Profiling:
	ReloadAssembly (1820ms)
		BeginReloadAssembly (184ms)
			ExecutionOrderSort (0ms)
			DisableScriptedObjects (11ms)
			BackupInstance (0ms)
			ReleaseScriptingObjects (0ms)
			CreateAndSetChildDomain (61ms)
		EndReloadAssembly (1504ms)
			LoadAssemblies (173ms)
			RebuildTransferFunctionScriptingTraits (0ms)
			SetupTypeCache (411ms)
			ReleaseScriptCaches (4ms)
			RebuildScriptCaches (109ms)
			SetupLoadedEditorAssemblies (673ms)
				LogAssemblyErrors (0ms)
				InitializePlatformSupportModulesInManaged (20ms)
				SetLoadedEditorAssemblies (1ms)
				RefreshPlugins (3ms)
				BeforeProcessingInitializeOnLoad (110ms)
				ProcessInitializeOnLoadAttributes (454ms)
				ProcessInitializeOnLoadMethodAttributes (78ms)
				AfterProcessingInitializeOnLoad (7ms)
				EditorAssembliesLoaded (0ms)
			ExecutionOrderSort2 (0ms)
			AwakeInstancesAfterBackupRestoration (19ms)
Platform modules already initialized, skipping
Refreshing native plugins compatible for Editor in 3.47 ms, found 4 plugins.
Preloading 0 native plugins for Editor in 0.00 ms.
Unloading 4422 Unused Serialized files (Serialized files now loaded: 0)
Unloading 32 unused Assets / (190.9 KB). Loaded Objects now: 5003.
Memory consumption went from 177.8 MB to 177.6 MB.
Total: 5.676400 ms (FindLiveObjects: 0.468900 ms CreateObjectMapping: 0.194700 ms MarkObjects: 4.588100 ms  DeleteObjects: 0.422800 ms)

AssetImportParameters requested are different than current active one (requested -> active):
  custom:video-decoder-ogg-theora: a1e56fd34408186e4bbccfd4996cb3dc -> 
  custom:container-muxer-webm: aa71ff27fc2769a1b78a27578f13a17b -> 
  custom:container-demuxer-webm: 4f35f7cbe854078d1ac9338744f61a02 -> 
  custom:video-encoder-webm-vp8: eb34c28f22e8b96e1ab97ce403110664 -> 
  custom:video-codec-MediaFoundation-h265: 746d11721c4dcdbdad8f713fa42b33f4 -> 
  custom:audio-encoder-webm-vorbis: bf7c407c2cedff20999df2af8eb42d56 -> 
  custom:framework-win-MediaFoundation: 216162199b28c13a410421893ffa2e32 -> 
  custom:container-demuxer-ogg: 62fdf1f143b41e24485cea50d1cbac27 -> 
  custom:video-decoder-webm-vp8: 9c59270c3fd7afecdb556c50c9e8de78 -> 
  custom:audio-decoder-ogg-vorbis: bf7c407c2cedff20999df2af8eb42d56 -> 
========================================================================
Received Import Request.
  Time since last request: 297.101731 seconds.
  path: Assets/picture/gb1.jpg
  artifactKey: Guid(7343ecb14d384da4887f5b10f0733fdf) Importer(815301076,1909f56bfc062723c751e8b465ee728b)
Start importing Assets/picture/gb1.jpg using Guid(7343ecb14d384da4887f5b10f0733fdf) Importer(815301076,1909f56bfc062723c751e8b465ee728b)  -> (artifact id: 'd3e0619920d033a4e4dc471a25a6bcc5') in 0.204156 seconds 
========================================================================
Received Prepare
Registering precompiled user dll's ...
Registered in 0.005427 seconds.
Begin MonoManager ReloadAssembly
Symbol file LoadedFromMemory doesn't match image C:\Users\watan\Documents\GitHub\Kakuto24\Library\PackageCache\com.unity.visualscripting@1.7.8\Editor\VisualScripting.Core\Dependencies\YamlDotNet\Unity.VisualScripting.YamlDotNet.dll
Symbol file LoadedFromMemory doesn't match image C:\Users\watan\Documents\GitHub\Kakuto24\Library\PackageCache\com.unity.visualscripting@1.7.8\Editor\VisualScripting.Core\Dependencies\DotNetZip\Unity.VisualScripting.IonicZip.dll
Native extension for WindowsStandalone target not found
Refreshing native plugins compatible for Editor in 2.11 ms, found 4 plugins.
Preloading 0 native plugins for Editor in 0.00 ms.
Mono: successfully reloaded assembly
- Completed reload, in  1.691 seconds
Domain Reload Profiling:
	ReloadAssembly (1692ms)
		BeginReloadAssembly (200ms)
			ExecutionOrderSort (0ms)
			DisableScriptedObjects (15ms)
			BackupInstance (0ms)
			ReleaseScriptingObjects (0ms)
			CreateAndSetChildDomain (69ms)
		EndReloadAssembly (1361ms)
			LoadAssemblies (176ms)
			RebuildTransferFunctionScriptingTraits (0ms)
			SetupTypeCache (378ms)
			ReleaseScriptCaches (3ms)
			RebuildScriptCaches (95ms)
			SetupLoadedEditorAssemblies (611ms)
				LogAssemblyErrors (0ms)
				InitializePlatformSupportModulesInManaged (22ms)
				SetLoadedEditorAssemblies (1ms)
				RefreshPlugins (2ms)
				BeforeProcessingInitializeOnLoad (109ms)
				ProcessInitializeOnLoadAttributes (415ms)
				ProcessInitializeOnLoadMethodAttributes (54ms)
				AfterProcessingInitializeOnLoad (7ms)
				EditorAssembliesLoaded (1ms)
			ExecutionOrderSort2 (0ms)
			AwakeInstancesAfterBackupRestoration (14ms)
Platform modules already initialized, skipping
Refreshing native plugins compatible for Editor in 3.78 ms, found 4 plugins.
Preloading 0 native plugins for Editor in 0.00 ms.
Unloading 4422 Unused Serialized files (Serialized files now loaded: 0)
Unloading 32 unused Assets / (190.9 KB). Loaded Objects now: 5008.
Memory consumption went from 177.8 MB to 177.6 MB.
Total: 5.892000 ms (FindLiveObjects: 0.773900 ms CreateObjectMapping: 0.541600 ms MarkObjects: 4.281900 ms  DeleteObjects: 0.291800 ms)

AssetImportParameters requested are different than current active one (requested -> active):
  custom:video-decoder-ogg-theora: a1e56fd34408186e4bbccfd4996cb3dc -> 
  custom:container-muxer-webm: aa71ff27fc2769a1b78a27578f13a17b -> 
  custom:container-demuxer-webm: 4f35f7cbe854078d1ac9338744f61a02 -> 
  custom:video-encoder-webm-vp8: eb34c28f22e8b96e1ab97ce403110664 -> 
  custom:video-codec-MediaFoundation-h265: 746d11721c4dcdbdad8f713fa42b33f4 -> 
  custom:audio-encoder-webm-vorbis: bf7c407c2cedff20999df2af8eb42d56 -> 
  custom:framework-win-MediaFoundation: 216162199b28c13a410421893ffa2e32 -> 
  custom:container-demuxer-ogg: 62fdf1f143b41e24485cea50d1cbac27 -> 
  custom:video-decoder-webm-vp8: 9c59270c3fd7afecdb556c50c9e8de78 -> 
  custom:audio-decoder-ogg-vorbis: bf7c407c2cedff20999df2af8eb42d56 -> 
========================================================================
Received Prepare
Registering precompiled user dll's ...
Registered in 0.007284 seconds.
Begin MonoManager ReloadAssembly
Symbol file LoadedFromMemory doesn't match image C:\Users\watan\Documents\GitHub\Kakuto24\Library\PackageCache\com.unity.visualscripting@1.7.8\Editor\VisualScripting.Core\Dependencies\YamlDotNet\Unity.VisualScripting.YamlDotNet.dll
Symbol file LoadedFromMemory doesn't match image C:\Users\watan\Documents\GitHub\Kakuto24\Library\PackageCache\com.unity.visualscripting@1.7.8\Editor\VisualScripting.Core\Dependencies\DotNetZip\Unity.VisualScripting.IonicZip.dll
Native extension for WindowsStandalone target not found
Refreshing native plugins compatible for Editor in 3.71 ms, found 4 plugins.
Preloading 0 native plugins for Editor in 0.00 ms.
Mono: successfully reloaded assembly
- Completed reload, in  1.772 seconds
Domain Reload Profiling:
	ReloadAssembly (1774ms)
		BeginReloadAssembly (179ms)
			ExecutionOrderSort (0ms)
			DisableScriptedObjects (8ms)
			BackupInstance (0ms)
			ReleaseScriptingObjects (0ms)
			CreateAndSetChildDomain (61ms)
		EndReloadAssembly (1464ms)
			LoadAssemblies (117ms)
			RebuildTransferFunctionScriptingTraits (0ms)
			SetupTypeCache (284ms)
			ReleaseScriptCaches (2ms)
			RebuildScriptCaches (89ms)
			SetupLoadedEditorAssemblies (830ms)
				LogAssemblyErrors (0ms)
				InitializePlatformSupportModulesInManaged (29ms)
				SetLoadedEditorAssemblies (1ms)
				RefreshPlugins (4ms)
				BeforeProcessingInitializeOnLoad (162ms)
				ProcessInitializeOnLoadAttributes (551ms)
				ProcessInitializeOnLoadMethodAttributes (74ms)
				AfterProcessingInitializeOnLoad (8ms)
				EditorAssembliesLoaded (1ms)
			ExecutionOrderSort2 (0ms)
			AwakeInstancesAfterBackupRestoration (20ms)
Platform modules already initialized, skipping
Refreshing native plugins compatible for Editor in 4.04 ms, found 4 plugins.
Preloading 0 native plugins for Editor in 0.00 ms.
Unloading 4422 Unused Serialized files (Serialized files now loaded: 0)
Unloading 32 unused Assets / (191.2 KB). Loaded Objects now: 5011.
Memory consumption went from 177.8 MB to 177.6 MB.
Total: 6.730500 ms (FindLiveObjects: 0.529600 ms CreateObjectMapping: 0.172100 ms MarkObjects: 5.638400 ms  DeleteObjects: 0.387500 ms)

AssetImportParameters requested are different than current active one (requested -> active):
  custom:video-decoder-ogg-theora: a1e56fd34408186e4bbccfd4996cb3dc -> 
  custom:container-muxer-webm: aa71ff27fc2769a1b78a27578f13a17b -> 
  custom:container-demuxer-webm: 4f35f7cbe854078d1ac9338744f61a02 -> 
  custom:video-encoder-webm-vp8: eb34c28f22e8b96e1ab97ce403110664 -> 
  custom:video-codec-MediaFoundation-h265: 746d11721c4dcdbdad8f713fa42b33f4 -> 
  custom:audio-encoder-webm-vorbis: bf7c407c2cedff20999df2af8eb42d56 -> 
  custom:framework-win-MediaFoundation: 216162199b28c13a410421893ffa2e32 -> 
  custom:container-demuxer-ogg: 62fdf1f143b41e24485cea50d1cbac27 -> 
  custom:video-decoder-webm-vp8: 9c59270c3fd7afecdb556c50c9e8de78 -> 
  custom:audio-decoder-ogg-vorbis: bf7c407c2cedff20999df2af8eb42d56 -> 
========================================================================
Received Prepare
Registering precompiled user dll's ...
Registered in 0.006406 seconds.
Begin MonoManager ReloadAssembly
Symbol file LoadedFromMemory doesn't match image C:\Users\watan\Documents\GitHub\Kakuto24\Library\PackageCache\com.unity.visualscripting@1.7.8\Editor\VisualScripting.Core\Dependencies\YamlDotNet\Unity.VisualScripting.YamlDotNet.dll
Symbol file LoadedFromMemory doesn't match image C:\Users\watan\Documents\GitHub\Kakuto24\Library\PackageCache\com.unity.visualscripting@1.7.8\Editor\VisualScripting.Core\Dependencies\DotNetZip\Unity.VisualScripting.IonicZip.dll
Native extension for WindowsStandalone target not found
Refreshing native plugins compatible for Editor in 1.74 ms, found 4 plugins.
Preloading 0 native plugins for Editor in 0.00 ms.
Mono: successfully reloaded assembly
- Completed reload, in  1.728 seconds
Domain Reload Profiling:
	ReloadAssembly (1729ms)
		BeginReloadAssembly (166ms)
			ExecutionOrderSort (0ms)
			DisableScriptedObjects (9ms)
			BackupInstance (0ms)
			ReleaseScriptingObjects (0ms)
			CreateAndSetChildDomain (52ms)
		EndReloadAssembly (1424ms)
			LoadAssemblies (121ms)
			RebuildTransferFunctionScriptingTraits (0ms)
			SetupTypeCache (289ms)
			ReleaseScriptCaches (2ms)
			RebuildScriptCaches (96ms)
			SetupLoadedEditorAssemblies (737ms)
				LogAssemblyErrors (0ms)
				InitializePlatformSupportModulesInManaged (26ms)
				SetLoadedEditorAssemblies (1ms)
				RefreshPlugins (2ms)
				BeforeProcessingInitializeOnLoad (148ms)
				ProcessInitializeOnLoadAttributes (486ms)
				ProcessInitializeOnLoadMethodAttributes (67ms)
				AfterProcessingInitializeOnLoad (7ms)
				EditorAssembliesLoaded (0ms)
			ExecutionOrderSort2 (0ms)
			AwakeInstancesAfterBackupRestoration (20ms)
Platform modules already initialized, skipping
Refreshing native plugins compatible for Editor in 4.76 ms, found 4 plugins.
Preloading 0 native plugins for Editor in 0.00 ms.
Unloading 4422 Unused Serialized files (Serialized files now loaded: 0)
Unloading 32 unused Assets / (191.3 KB). Loaded Objects now: 5014.
Memory consumption went from 177.8 MB to 177.6 MB.
Total: 7.203800 ms (FindLiveObjects: 0.761700 ms CreateObjectMapping: 0.630400 ms MarkObjects: 5.494100 ms  DeleteObjects: 0.315500 ms)

AssetImportParameters requested are different than current active one (requested -> active):
  custom:video-decoder-ogg-theora: a1e56fd34408186e4bbccfd4996cb3dc -> 
  custom:container-muxer-webm: aa71ff27fc2769a1b78a27578f13a17b -> 
  custom:container-demuxer-webm: 4f35f7cbe854078d1ac9338744f61a02 -> 
  custom:video-encoder-webm-vp8: eb34c28f22e8b96e1ab97ce403110664 -> 
  custom:video-codec-MediaFoundation-h265: 746d11721c4dcdbdad8f713fa42b33f4 -> 
  custom:audio-encoder-webm-vorbis: bf7c407c2cedff20999df2af8eb42d56 -> 
  custom:framework-win-MediaFoundation: 216162199b28c13a410421893ffa2e32 -> 
  custom:container-demuxer-ogg: 62fdf1f143b41e24485cea50d1cbac27 -> 
  custom:video-decoder-webm-vp8: 9c59270c3fd7afecdb556c50c9e8de78 -> 
  custom:audio-decoder-ogg-vorbis: bf7c407c2cedff20999df2af8eb42d56 -> 
========================================================================
Received Prepare
Registering precompiled user dll's ...
Registered in 0.007549 seconds.
Begin MonoManager ReloadAssembly
Symbol file LoadedFromMemory doesn't match image C:\Users\watan\Documents\GitHub\Kakuto24\Library\PackageCache\com.unity.visualscripting@1.7.8\Editor\VisualScripting.Core\Dependencies\YamlDotNet\Unity.VisualScripting.YamlDotNet.dll
Symbol file LoadedFromMemory doesn't match image C:\Users\watan\Documents\GitHub\Kakuto24\Library\PackageCache\com.unity.visualscripting@1.7.8\Editor\VisualScripting.Core\Dependencies\DotNetZip\Unity.VisualScripting.IonicZip.dll
Native extension for WindowsStandalone target not found
Refreshing native plugins compatible for Editor in 1.60 ms, found 4 plugins.
Preloading 0 native plugins for Editor in 0.00 ms.
Mono: successfully reloaded assembly
- Completed reload, in  1.660 seconds
Domain Reload Profiling:
	ReloadAssembly (1661ms)
		BeginReloadAssembly (160ms)
			ExecutionOrderSort (0ms)
			DisableScriptedObjects (9ms)
			BackupInstance (0ms)
			ReleaseScriptingObjects (0ms)
			CreateAndSetChildDomain (48ms)
		EndReloadAssembly (1379ms)
			LoadAssemblies (109ms)
			RebuildTransferFunctionScriptingTraits (0ms)
			SetupTypeCache (277ms)
			ReleaseScriptCaches (2ms)
			RebuildScriptCaches (66ms)
			SetupLoadedEditorAssemblies (808ms)
				LogAssemblyErrors (0ms)
				InitializePlatformSupportModulesInManaged (22ms)
				SetLoadedEditorAssemblies (1ms)
				RefreshPlugins (2ms)
				BeforeProcessingInitializeOnLoad (174ms)
				ProcessInitializeOnLoadAttributes (526ms)
				ProcessInitializeOnLoadMethodAttributes (75ms)
				AfterProcessingInitializeOnLoad (8ms)
				EditorAssembliesLoaded (0ms)
			ExecutionOrderSort2 (0ms)
			AwakeInstancesAfterBackupRestoration (19ms)
Platform modules already initialized, skipping
Refreshing native plugins compatible for Editor in 5.38 ms, found 4 plugins.
Preloading 0 native plugins for Editor in 0.00 ms.
Unloading 4422 Unused Serialized files (Serialized files now loaded: 0)
Unloading 32 unused Assets / (191.0 KB). Loaded Objects now: 5017.
Memory consumption went from 177.8 MB to 177.6 MB.
Total: 7.324200 ms (FindLiveObjects: 0.812900 ms CreateObjectMapping: 0.279300 ms MarkObjects: 5.856800 ms  DeleteObjects: 0.372700 ms)

AssetImportParameters requested are different than current active one (requested -> active):
  custom:video-decoder-ogg-theora: a1e56fd34408186e4bbccfd4996cb3dc -> 
  custom:container-muxer-webm: aa71ff27fc2769a1b78a27578f13a17b -> 
  custom:container-demuxer-webm: 4f35f7cbe854078d1ac9338744f61a02 -> 
  custom:video-encoder-webm-vp8: eb34c28f22e8b96e1ab97ce403110664 -> 
  custom:video-codec-MediaFoundation-h265: 746d11721c4dcdbdad8f713fa42b33f4 -> 
  custom:audio-encoder-webm-vorbis: bf7c407c2cedff20999df2af8eb42d56 -> 
  custom:framework-win-MediaFoundation: 216162199b28c13a410421893ffa2e32 -> 
  custom:container-demuxer-ogg: 62fdf1f143b41e24485cea50d1cbac27 -> 
  custom:video-decoder-webm-vp8: 9c59270c3fd7afecdb556c50c9e8de78 -> 
  custom:audio-decoder-ogg-vorbis: bf7c407c2cedff20999df2af8eb42d56 -> 
========================================================================
Received Import Request.
  Time since last request: 319.971471 seconds.
  path: Assets/picture/雲_5_アートボード-1.jpg
  artifactKey: Guid(e9557828fc7f30246b835daea4337a39) Importer(815301076,1909f56bfc062723c751e8b465ee728b)
Start importing Assets/picture/雲_5_アートボード-1.jpg using Guid(e9557828fc7f30246b835daea4337a39) Importer(815301076,1909f56bfc062723c751e8b465ee728b)  -> (artifact id: '2719967a6a72c1915e46fedc7d966c2b') in 0.286199 seconds 
========================================================================
Received Prepare
Registering precompiled user dll's ...
Registered in 0.005745 seconds.
Begin MonoManager ReloadAssembly
Symbol file LoadedFromMemory doesn't match image C:\Users\watan\Documents\GitHub\Kakuto24\Library\PackageCache\com.unity.visualscripting@1.7.8\Editor\VisualScripting.Core\Dependencies\YamlDotNet\Unity.VisualScripting.YamlDotNet.dll
Symbol file LoadedFromMemory doesn't match image C:\Users\watan\Documents\GitHub\Kakuto24\Library\PackageCache\com.unity.visualscripting@1.7.8\Editor\VisualScripting.Core\Dependencies\DotNetZip\Unity.VisualScripting.IonicZip.dll
Native extension for WindowsStandalone target not found
Refreshing native plugins compatible for Editor in 1.54 ms, found 4 plugins.
Preloading 0 native plugins for Editor in 0.00 ms.
Mono: successfully reloaded assembly
- Completed reload, in  1.723 seconds
Domain Reload Profiling:
	ReloadAssembly (1724ms)
		BeginReloadAssembly (165ms)
			ExecutionOrderSort (0ms)
			DisableScriptedObjects (8ms)
			BackupInstance (0ms)
			ReleaseScriptingObjects (0ms)
			CreateAndSetChildDomain (53ms)
		EndReloadAssembly (1444ms)
			LoadAssemblies (106ms)
			RebuildTransferFunctionScriptingTraits (0ms)
			SetupTypeCache (381ms)
			ReleaseScriptCaches (3ms)
			RebuildScriptCaches (107ms)
			SetupLoadedEditorAssemblies (711ms)
				LogAssemblyErrors (0ms)
				InitializePlatformSupportModulesInManaged (20ms)
				SetLoadedEditorAssemblies (1ms)
				RefreshPlugins (2ms)
				BeforeProcessingInitializeOnLoad (132ms)
				ProcessInitializeOnLoadAttributes (484ms)
				ProcessInitializeOnLoadMethodAttributes (64ms)
				AfterProcessingInitializeOnLoad (7ms)
				EditorAssembliesLoaded (1ms)
			ExecutionOrderSort2 (0ms)
			AwakeInstancesAfterBackupRestoration (17ms)
Platform modules already initialized, skipping
Refreshing native plugins compatible for Editor in 4.41 ms, found 4 plugins.
Preloading 0 native plugins for Editor in 0.00 ms.
Unloading 4422 Unused Serialized files (Serialized files now loaded: 0)
Unloading 32 unused Assets / (191.0 KB). Loaded Objects now: 5022.
Memory consumption went from 177.8 MB to 177.6 MB.
Total: 6.737700 ms (FindLiveObjects: 0.660300 ms CreateObjectMapping: 0.352700 ms MarkObjects: 5.322600 ms  DeleteObjects: 0.399500 ms)

AssetImportParameters requested are different than current active one (requested -> active):
  custom:video-decoder-ogg-theora: a1e56fd34408186e4bbccfd4996cb3dc -> 
  custom:container-muxer-webm: aa71ff27fc2769a1b78a27578f13a17b -> 
  custom:container-demuxer-webm: 4f35f7cbe854078d1ac9338744f61a02 -> 
  custom:video-encoder-webm-vp8: eb34c28f22e8b96e1ab97ce403110664 -> 
  custom:video-codec-MediaFoundation-h265: 746d11721c4dcdbdad8f713fa42b33f4 -> 
  custom:audio-encoder-webm-vorbis: bf7c407c2cedff20999df2af8eb42d56 -> 
  custom:framework-win-MediaFoundation: 216162199b28c13a410421893ffa2e32 -> 
  custom:container-demuxer-ogg: 62fdf1f143b41e24485cea50d1cbac27 -> 
  custom:video-decoder-webm-vp8: 9c59270c3fd7afecdb556c50c9e8de78 -> 
  custom:audio-decoder-ogg-vorbis: bf7c407c2cedff20999df2af8eb42d56 -> 
========================================================================
Received Import Request.
  Time since last request: 70.305250 seconds.
  path: Assets/picture/雲_4_アートボード-1.jpg
  artifactKey: Guid(ec803d4828bde2048abec6125656eba4) Importer(815301076,1909f56bfc062723c751e8b465ee728b)
Start importing Assets/picture/雲_4_アートボード-1.jpg using Guid(ec803d4828bde2048abec6125656eba4) Importer(815301076,1909f56bfc062723c751e8b465ee728b)  -> (artifact id: '6899366f4360892bad289d6bd0075baf') in 0.494629 seconds 
========================================================================
Received Prepare
Registering precompiled user dll's ...
Registered in 0.006819 seconds.
Begin MonoManager ReloadAssembly
Symbol file LoadedFromMemory doesn't match image C:\Users\watan\Documents\GitHub\Kakuto24\Library\PackageCache\com.unity.visualscripting@1.7.8\Editor\VisualScripting.Core\Dependencies\YamlDotNet\Unity.VisualScripting.YamlDotNet.dll
Symbol file LoadedFromMemory doesn't match image C:\Users\watan\Documents\GitHub\Kakuto24\Library\PackageCache\com.unity.visualscripting@1.7.8\Editor\VisualScripting.Core\Dependencies\DotNetZip\Unity.VisualScripting.IonicZip.dll
Native extension for WindowsStandalone target not found
Refreshing native plugins compatible for Editor in 1.51 ms, found 4 plugins.
Preloading 0 native plugins for Editor in 0.00 ms.
Mono: successfully reloaded assembly
- Completed reload, in  1.847 seconds
Domain Reload Profiling:
	ReloadAssembly (1848ms)
		BeginReloadAssembly (258ms)
			ExecutionOrderSort (0ms)
			DisableScriptedObjects (18ms)
			BackupInstance (0ms)
			ReleaseScriptingObjects (0ms)
			CreateAndSetChildDomain (70ms)
		EndReloadAssembly (1477ms)
			LoadAssemblies (157ms)
			RebuildTransferFunctionScriptingTraits (0ms)
			SetupTypeCache (374ms)
			ReleaseScriptCaches (2ms)
			RebuildScriptCaches (138ms)
			SetupLoadedEditorAssemblies (714ms)
				LogAssemblyErrors (0ms)
				InitializePlatformSupportModulesInManaged (22ms)
				SetLoadedEditorAssemblies (1ms)
				RefreshPlugins (2ms)
				BeforeProcessingInitializeOnLoad (138ms)
				ProcessInitializeOnLoadAttributes (483ms)
				ProcessInitializeOnLoadMethodAttributes (62ms)
				AfterProcessingInitializeOnLoad (7ms)
				EditorAssembliesLoaded (0ms)
			ExecutionOrderSort2 (0ms)
			AwakeInstancesAfterBackupRestoration (16ms)
Platform modules already initialized, skipping
Refreshing native plugins compatible for Editor in 4.36 ms, found 4 plugins.
Preloading 0 native plugins for Editor in 0.00 ms.
Unloading 4422 Unused Serialized files (Serialized files now loaded: 0)
Unloading 32 unused Assets / (191.1 KB). Loaded Objects now: 5025.
Memory consumption went from 177.8 MB to 177.6 MB.
Total: 7.816500 ms (FindLiveObjects: 0.772700 ms CreateObjectMapping: 0.262600 ms MarkObjects: 6.431900 ms  DeleteObjects: 0.346800 ms)

AssetImportParameters requested are different than current active one (requested -> active):
  custom:video-decoder-ogg-theora: a1e56fd34408186e4bbccfd4996cb3dc -> 
  custom:container-muxer-webm: aa71ff27fc2769a1b78a27578f13a17b -> 
  custom:container-demuxer-webm: 4f35f7cbe854078d1ac9338744f61a02 -> 
  custom:video-encoder-webm-vp8: eb34c28f22e8b96e1ab97ce403110664 -> 
  custom:video-codec-MediaFoundation-h265: 746d11721c4dcdbdad8f713fa42b33f4 -> 
  custom:audio-encoder-webm-vorbis: bf7c407c2cedff20999df2af8eb42d56 -> 
  custom:framework-win-MediaFoundation: 216162199b28c13a410421893ffa2e32 -> 
  custom:container-demuxer-ogg: 62fdf1f143b41e24485cea50d1cbac27 -> 
  custom:video-decoder-webm-vp8: 9c59270c3fd7afecdb556c50c9e8de78 -> 
  custom:audio-decoder-ogg-vorbis: bf7c407c2cedff20999df2af8eb42d56 -> 
========================================================================
Received Import Request.
  Time since last request: 70.413679 seconds.
  path: Assets/picture/雲_14_アートボード-1-1360x765.jpg
  artifactKey: Guid(d963b1a6f624ae34fafce7b1d149a24c) Importer(815301076,1909f56bfc062723c751e8b465ee728b)
Start importing Assets/picture/雲_14_アートボード-1-1360x765.jpg using Guid(d963b1a6f624ae34fafce7b1d149a24c) Importer(815301076,1909f56bfc062723c751e8b465ee728b)  -> (artifact id: 'a61a160903ec52c2540dac40d5dbdc40') in 0.203961 seconds 
========================================================================
Received Import Request.
  Time since last request: 35.015534 seconds.
  path: Assets/picture/雲_9_アートボード-1-1360x765.jpg
  artifactKey: Guid(ad11e7665a9f60144adbc7fac8d31925) Importer(815301076,1909f56bfc062723c751e8b465ee728b)
Start importing Assets/picture/雲_9_アートボード-1-1360x765.jpg using Guid(ad11e7665a9f60144adbc7fac8d31925) Importer(815301076,1909f56bfc062723c751e8b465ee728b)  -> (artifact id: '70c4f9c233dcae2bbf88b1dc9a144239') in 0.155995 seconds 
========================================================================
Received Import Request.
  Time since last request: 11.443223 seconds.
  path: Assets/gb1.jpg
  artifactKey: Guid(bf9fa19778d95e643a0de2ca576a6e0e) Importer(815301076,1909f56bfc062723c751e8b465ee728b)
Start importing Assets/gb1.jpg using Guid(bf9fa19778d95e643a0de2ca576a6e0e) Importer(815301076,1909f56bfc062723c751e8b465ee728b)  -> (artifact id: 'bf34a6b603f5bb6109c8c1ba3cb806a1') in 0.120477 seconds 
========================================================================
Received Import Request.
  Time since last request: 19.503112 seconds.
  path: Assets/musics/sanjou-tengu-kamen.mp3
  artifactKey: Guid(29b7ec4843b9ed04e950f07d7141f9da) Importer(815301076,1909f56bfc062723c751e8b465ee728b)
Start importing Assets/musics/sanjou-tengu-kamen.mp3 using Guid(29b7ec4843b9ed04e950f07d7141f9da) Importer(815301076,1909f56bfc062723c751e8b465ee728b)  -> (artifact id: '06ecda02bf9c87297a4acc1fefe16740') in 0.096054 seconds 
========================================================================
Received Prepare
Registering precompiled user dll's ...
Registered in 0.006528 seconds.
Begin MonoManager ReloadAssembly
Symbol file LoadedFromMemory doesn't match image C:\Users\watan\Documents\GitHub\Kakuto24\Library\PackageCache\com.unity.visualscripting@1.7.8\Editor\VisualScripting.Core\Dependencies\YamlDotNet\Unity.VisualScripting.YamlDotNet.dll
Symbol file LoadedFromMemory doesn't match image C:\Users\watan\Documents\GitHub\Kakuto24\Library\PackageCache\com.unity.visualscripting@1.7.8\Editor\VisualScripting.Core\Dependencies\DotNetZip\Unity.VisualScripting.IonicZip.dll
Native extension for WindowsStandalone target not found
Refreshing native plugins compatible for Editor in 1.93 ms, found 4 plugins.
Preloading 0 native plugins for Editor in 0.00 ms.
Mono: successfully reloaded assembly
- Completed reload, in  1.967 seconds
Domain Reload Profiling:
	ReloadAssembly (1969ms)
		BeginReloadAssembly (173ms)
			ExecutionOrderSort (0ms)
			DisableScriptedObjects (11ms)
			BackupInstance (0ms)
			ReleaseScriptingObjects (0ms)
			CreateAndSetChildDomain (58ms)
		EndReloadAssembly (1676ms)
			LoadAssemblies (108ms)
			RebuildTransferFunctionScriptingTraits (0ms)
			SetupTypeCache (333ms)
			ReleaseScriptCaches (4ms)
			RebuildScriptCaches (140ms)
			SetupLoadedEditorAssemblies (928ms)
				LogAssemblyErrors (0ms)
				InitializePlatformSupportModulesInManaged (24ms)
				SetLoadedEditorAssemblies (2ms)
				RefreshPlugins (2ms)
				BeforeProcessingInitializeOnLoad (158ms)
				ProcessInitializeOnLoadAttributes (631ms)
				ProcessInitializeOnLoadMethodAttributes (96ms)
				AfterProcessingInitializeOnLoad (14ms)
				EditorAssembliesLoaded (1ms)
			ExecutionOrderSort2 (0ms)
			AwakeInstancesAfterBackupRestoration (26ms)
Platform modules already initialized, skipping
Refreshing native plugins compatible for Editor in 5.96 ms, found 4 plugins.
Preloading 0 native plugins for Editor in 0.00 ms.
Unloading 4422 Unused Serialized files (Serialized files now loaded: 0)
Unloading 32 unused Assets / (192.1 KB). Loaded Objects now: 5030.
Memory consumption went from 177.9 MB to 177.7 MB.
Total: 6.516800 ms (FindLiveObjects: 0.509300 ms CreateObjectMapping: 0.265900 ms MarkObjects: 5.287600 ms  DeleteObjects: 0.451600 ms)

AssetImportParameters requested are different than current active one (requested -> active):
  custom:video-decoder-ogg-theora: a1e56fd34408186e4bbccfd4996cb3dc -> 
  custom:container-muxer-webm: aa71ff27fc2769a1b78a27578f13a17b -> 
  custom:container-demuxer-webm: 4f35f7cbe854078d1ac9338744f61a02 -> 
  custom:video-encoder-webm-vp8: eb34c28f22e8b96e1ab97ce403110664 -> 
  custom:video-codec-MediaFoundation-h265: 746d11721c4dcdbdad8f713fa42b33f4 -> 
  custom:audio-encoder-webm-vorbis: bf7c407c2cedff20999df2af8eb42d56 -> 
  custom:framework-win-MediaFoundation: 216162199b28c13a410421893ffa2e32 -> 
  custom:container-demuxer-ogg: 62fdf1f143b41e24485cea50d1cbac27 -> 
  custom:video-decoder-webm-vp8: 9c59270c3fd7afecdb556c50c9e8de78 -> 
  custom:audio-decoder-ogg-vorbis: bf7c407c2cedff20999df2af8eb42d56 -> 
========================================================================
Received Prepare
Registering precompiled user dll's ...
Registered in 0.006399 seconds.
Begin MonoManager ReloadAssembly
Symbol file LoadedFromMemory doesn't match image C:\Users\watan\Documents\GitHub\Kakuto24\Library\PackageCache\com.unity.visualscripting@1.7.8\Editor\VisualScripting.Core\Dependencies\YamlDotNet\Unity.VisualScripting.YamlDotNet.dll
Symbol file LoadedFromMemory doesn't match image C:\Users\watan\Documents\GitHub\Kakuto24\Library\PackageCache\com.unity.visualscripting@1.7.8\Editor\VisualScripting.Core\Dependencies\DotNetZip\Unity.VisualScripting.IonicZip.dll
Native extension for WindowsStandalone target not found
Refreshing native plugins compatible for Editor in 1.37 ms, found 4 plugins.
Preloading 0 native plugins for Editor in 0.00 ms.
Mono: successfully reloaded assembly
- Completed reload, in  1.672 seconds
Domain Reload Profiling:
	ReloadAssembly (1673ms)
		BeginReloadAssembly (170ms)
			ExecutionOrderSort (0ms)
			DisableScriptedObjects (9ms)
			BackupInstance (0ms)
			ReleaseScriptingObjects (0ms)
			CreateAndSetChildDomain (53ms)
		EndReloadAssembly (1388ms)
			LoadAssemblies (110ms)
			RebuildTransferFunctionScriptingTraits (0ms)
			SetupTypeCache (303ms)
			ReleaseScriptCaches (3ms)
			RebuildScriptCaches (100ms)
			SetupLoadedEditorAssemblies (707ms)
				LogAssemblyErrors (0ms)
				InitializePlatformSupportModulesInManaged (23ms)
				SetLoadedEditorAssemblies (1ms)
				RefreshPlugins (1ms)
				BeforeProcessingInitializeOnLoad (131ms)
				ProcessInitializeOnLoadAttributes (482ms)
				ProcessInitializeOnLoadMethodAttributes (62ms)
				AfterProcessingInitializeOnLoad (7ms)
				EditorAssembliesLoaded (0ms)
			ExecutionOrderSort2 (0ms)
			AwakeInstancesAfterBackupRestoration (18ms)
Platform modules already initialized, skipping
Refreshing native plugins compatible for Editor in 4.30 ms, found 4 plugins.
Preloading 0 native plugins for Editor in 0.00 ms.
Unloading 4422 Unused Serialized files (Serialized files now loaded: 0)
Unloading 32 unused Assets / (191.2 KB). Loaded Objects now: 5033.
Memory consumption went from 177.9 MB to 177.7 MB.
Total: 7.282600 ms (FindLiveObjects: 0.846100 ms CreateObjectMapping: 0.299100 ms MarkObjects: 5.487100 ms  DeleteObjects: 0.645300 ms)

AssetImportParameters requested are different than current active one (requested -> active):
  custom:video-decoder-ogg-theora: a1e56fd34408186e4bbccfd4996cb3dc -> 
  custom:container-muxer-webm: aa71ff27fc2769a1b78a27578f13a17b -> 
  custom:container-demuxer-webm: 4f35f7cbe854078d1ac9338744f61a02 -> 
  custom:video-encoder-webm-vp8: eb34c28f22e8b96e1ab97ce403110664 -> 
  custom:video-codec-MediaFoundation-h265: 746d11721c4dcdbdad8f713fa42b33f4 -> 
  custom:audio-encoder-webm-vorbis: bf7c407c2cedff20999df2af8eb42d56 -> 
  custom:framework-win-MediaFoundation: 216162199b28c13a410421893ffa2e32 -> 
  custom:container-demuxer-ogg: 62fdf1f143b41e24485cea50d1cbac27 -> 
  custom:video-decoder-webm-vp8: 9c59270c3fd7afecdb556c50c9e8de78 -> 
  custom:audio-decoder-ogg-vorbis: bf7c407c2cedff20999df2af8eb42d56 -> 
========================================================================
Received Import Request.
  Time since last request: 360.609239 seconds.
  path: Assets/musics/カラクリ・バトラー.mp3
  artifactKey: Guid(9e85a7f950143ac43bd1b43af792b4cf) Importer(815301076,1909f56bfc062723c751e8b465ee728b)
Start importing Assets/musics/カラクリ・バトラー.mp3 using Guid(9e85a7f950143ac43bd1b43af792b4cf) Importer(815301076,1909f56bfc062723c751e8b465ee728b)  -> (artifact id: 'eb6ef5ffcb136505ae076642bc4b8d71') in 0.060794 seconds 
========================================================================
Received Prepare
Registering precompiled user dll's ...
Registered in 0.006972 seconds.
Begin MonoManager ReloadAssembly
Symbol file LoadedFromMemory doesn't match image C:\Users\watan\Documents\GitHub\Kakuto24\Library\PackageCache\com.unity.visualscripting@1.7.8\Editor\VisualScripting.Core\Dependencies\YamlDotNet\Unity.VisualScripting.YamlDotNet.dll
Symbol file LoadedFromMemory doesn't match image C:\Users\watan\Documents\GitHub\Kakuto24\Library\PackageCache\com.unity.visualscripting@1.7.8\Editor\VisualScripting.Core\Dependencies\DotNetZip\Unity.VisualScripting.IonicZip.dll
Native extension for WindowsStandalone target not found
Refreshing native plugins compatible for Editor in 1.56 ms, found 4 plugins.
Preloading 0 native plugins for Editor in 0.00 ms.
Mono: successfully reloaded assembly
- Completed reload, in  1.794 seconds
Domain Reload Profiling:
	ReloadAssembly (1795ms)
		BeginReloadAssembly (157ms)
			ExecutionOrderSort (0ms)
			DisableScriptedObjects (7ms)
			BackupInstance (0ms)
			ReleaseScriptingObjects (0ms)
			CreateAndSetChildDomain (55ms)
		EndReloadAssembly (1511ms)
			LoadAssemblies (107ms)
			RebuildTransferFunctionScriptingTraits (0ms)
			SetupTypeCache (456ms)
			ReleaseScriptCaches (2ms)
			RebuildScriptCaches (85ms)
			SetupLoadedEditorAssemblies (735ms)
				LogAssemblyErrors (0ms)
				InitializePlatformSupportModulesInManaged (18ms)
				SetLoadedEditorAssemblies (1ms)
				RefreshPlugins (2ms)
				BeforeProcessingInitializeOnLoad (151ms)
				ProcessInitializeOnLoadAttributes (482ms)
				ProcessInitializeOnLoadMethodAttributes (72ms)
				AfterProcessingInitializeOnLoad (8ms)
				EditorAssembliesLoaded (1ms)
			ExecutionOrderSort2 (0ms)
			AwakeInstancesAfterBackupRestoration (19ms)
Platform modules already initialized, skipping
Refreshing native plugins compatible for Editor in 3.96 ms, found 4 plugins.
Preloading 0 native plugins for Editor in 0.00 ms.
Unloading 4422 Unused Serialized files (Serialized files now loaded: 0)
Unloading 32 unused Assets / (191.0 KB). Loaded Objects now: 5036.
Memory consumption went from 177.9 MB to 177.7 MB.
Total: 10.012100 ms (FindLiveObjects: 1.501100 ms CreateObjectMapping: 0.498400 ms MarkObjects: 7.652700 ms  DeleteObjects: 0.352900 ms)

AssetImportParameters requested are different than current active one (requested -> active):
  custom:video-decoder-ogg-theora: a1e56fd34408186e4bbccfd4996cb3dc -> 
  custom:container-muxer-webm: aa71ff27fc2769a1b78a27578f13a17b -> 
  custom:container-demuxer-webm: 4f35f7cbe854078d1ac9338744f61a02 -> 
  custom:video-encoder-webm-vp8: eb34c28f22e8b96e1ab97ce403110664 -> 
  custom:video-codec-MediaFoundation-h265: 746d11721c4dcdbdad8f713fa42b33f4 -> 
  custom:audio-encoder-webm-vorbis: bf7c407c2cedff20999df2af8eb42d56 -> 
  custom:framework-win-MediaFoundation: 216162199b28c13a410421893ffa2e32 -> 
  custom:container-demuxer-ogg: 62fdf1f143b41e24485cea50d1cbac27 -> 
  custom:video-decoder-webm-vp8: 9c59270c3fd7afecdb556c50c9e8de78 -> 
  custom:audio-decoder-ogg-vorbis: bf7c407c2cedff20999df2af8eb42d56 -> 
========================================================================
Received Prepare
Registering precompiled user dll's ...
Registered in 0.007156 seconds.
Begin MonoManager ReloadAssembly
Symbol file LoadedFromMemory doesn't match image C:\Users\watan\Documents\GitHub\Kakuto24\Library\PackageCache\com.unity.visualscripting@1.7.8\Editor\VisualScripting.Core\Dependencies\YamlDotNet\Unity.VisualScripting.YamlDotNet.dll
Symbol file LoadedFromMemory doesn't match image C:\Users\watan\Documents\GitHub\Kakuto24\Library\PackageCache\com.unity.visualscripting@1.7.8\Editor\VisualScripting.Core\Dependencies\DotNetZip\Unity.VisualScripting.IonicZip.dll
Native extension for WindowsStandalone target not found
Refreshing native plugins compatible for Editor in 2.28 ms, found 4 plugins.
Preloading 0 native plugins for Editor in 0.00 ms.
Mono: successfully reloaded assembly
- Completed reload, in  1.942 seconds
Domain Reload Profiling:
	ReloadAssembly (1943ms)
		BeginReloadAssembly (214ms)
			ExecutionOrderSort (0ms)
			DisableScriptedObjects (11ms)
			BackupInstance (0ms)
			ReleaseScriptingObjects (0ms)
			CreateAndSetChildDomain (58ms)
		EndReloadAssembly (1550ms)
			LoadAssemblies (163ms)
			RebuildTransferFunctionScriptingTraits (0ms)
			SetupTypeCache (396ms)
			ReleaseScriptCaches (2ms)
			RebuildScriptCaches (105ms)
			SetupLoadedEditorAssemblies (769ms)
				LogAssemblyErrors (0ms)
				InitializePlatformSupportModulesInManaged (44ms)
				SetLoadedEditorAssemblies (2ms)
				RefreshPlugins (3ms)
				BeforeProcessingInitializeOnLoad (154ms)
				ProcessInitializeOnLoadAttributes (485ms)
				ProcessInitializeOnLoadMethodAttributes (73ms)
				AfterProcessingInitializeOnLoad (8ms)
				EditorAssembliesLoaded (0ms)
			ExecutionOrderSort2 (0ms)
			AwakeInstancesAfterBackupRestoration (18ms)
Platform modules already initialized, skipping
Refreshing native plugins compatible for Editor in 3.82 ms, found 4 plugins.
Preloading 0 native plugins for Editor in 0.00 ms.
Unloading 4422 Unused Serialized files (Serialized files now loaded: 0)
Unloading 32 unused Assets / (191.1 KB). Loaded Objects now: 5039.
Memory consumption went from 177.9 MB to 177.7 MB.
Total: 7.879500 ms (FindLiveObjects: 0.597200 ms CreateObjectMapping: 0.166900 ms MarkObjects: 6.704100 ms  DeleteObjects: 0.408700 ms)

AssetImportParameters requested are different than current active one (requested -> active):
  custom:video-decoder-ogg-theora: a1e56fd34408186e4bbccfd4996cb3dc -> 
  custom:container-muxer-webm: aa71ff27fc2769a1b78a27578f13a17b -> 
  custom:container-demuxer-webm: 4f35f7cbe854078d1ac9338744f61a02 -> 
  custom:video-encoder-webm-vp8: eb34c28f22e8b96e1ab97ce403110664 -> 
  custom:video-codec-MediaFoundation-h265: 746d11721c4dcdbdad8f713fa42b33f4 -> 
  custom:audio-encoder-webm-vorbis: bf7c407c2cedff20999df2af8eb42d56 -> 
  custom:framework-win-MediaFoundation: 216162199b28c13a410421893ffa2e32 -> 
  custom:container-demuxer-ogg: 62fdf1f143b41e24485cea50d1cbac27 -> 
  custom:video-decoder-webm-vp8: 9c59270c3fd7afecdb556c50c9e8de78 -> 
  custom:audio-decoder-ogg-vorbis: bf7c407c2cedff20999df2af8eb42d56 -> 
========================================================================
Received Prepare
Registering precompiled user dll's ...
Registered in 0.007262 seconds.
Begin MonoManager ReloadAssembly
Symbol file LoadedFromMemory doesn't match image C:\Users\watan\Documents\GitHub\Kakuto24\Library\PackageCache\com.unity.visualscripting@1.7.8\Editor\VisualScripting.Core\Dependencies\YamlDotNet\Unity.VisualScripting.YamlDotNet.dll
Symbol file LoadedFromMemory doesn't match image C:\Users\watan\Documents\GitHub\Kakuto24\Library\PackageCache\com.unity.visualscripting@1.7.8\Editor\VisualScripting.Core\Dependencies\DotNetZip\Unity.VisualScripting.IonicZip.dll
Native extension for WindowsStandalone target not found
Refreshing native plugins compatible for Editor in 1.24 ms, found 4 plugins.
Preloading 0 native plugins for Editor in 0.00 ms.
Mono: successfully reloaded assembly
- Completed reload, in  1.618 seconds
Domain Reload Profiling:
	ReloadAssembly (1619ms)
		BeginReloadAssembly (197ms)
			ExecutionOrderSort (0ms)
			DisableScriptedObjects (15ms)
			BackupInstance (0ms)
			ReleaseScriptingObjects (0ms)
			CreateAndSetChildDomain (64ms)
		EndReloadAssembly (1298ms)
			LoadAssemblies (114ms)
			RebuildTransferFunctionScriptingTraits (0ms)
			SetupTypeCache (303ms)
			ReleaseScriptCaches (2ms)
			RebuildScriptCaches (66ms)
			SetupLoadedEditorAssemblies (675ms)
				LogAssemblyErrors (0ms)
				InitializePlatformSupportModulesInManaged (17ms)
				SetLoadedEditorAssemblies (1ms)
				RefreshPlugins (1ms)
				BeforeProcessingInitializeOnLoad (121ms)
				ProcessInitializeOnLoadAttributes (440ms)
				ProcessInitializeOnLoadMethodAttributes (85ms)
				AfterProcessingInitializeOnLoad (9ms)
				EditorAssembliesLoaded (0ms)
			ExecutionOrderSort2 (0ms)
			AwakeInstancesAfterBackupRestoration (23ms)
Platform modules already initialized, skipping
Refreshing native plugins compatible for Editor in 3.82 ms, found 4 plugins.
Preloading 0 native plugins for Editor in 0.00 ms.
Unloading 4422 Unused Serialized files (Serialized files now loaded: 0)
Unloading 32 unused Assets / (191.1 KB). Loaded Objects now: 5042.
Memory consumption went from 177.9 MB to 177.7 MB.
Total: 7.916000 ms (FindLiveObjects: 0.729300 ms CreateObjectMapping: 0.222700 ms MarkObjects: 6.585600 ms  DeleteObjects: 0.375600 ms)

AssetImportParameters requested are different than current active one (requested -> active):
  custom:video-decoder-ogg-theora: a1e56fd34408186e4bbccfd4996cb3dc -> 
  custom:container-muxer-webm: aa71ff27fc2769a1b78a27578f13a17b -> 
  custom:container-demuxer-webm: 4f35f7cbe854078d1ac9338744f61a02 -> 
  custom:video-encoder-webm-vp8: eb34c28f22e8b96e1ab97ce403110664 -> 
  custom:video-codec-MediaFoundation-h265: 746d11721c4dcdbdad8f713fa42b33f4 -> 
  custom:audio-encoder-webm-vorbis: bf7c407c2cedff20999df2af8eb42d56 -> 
  custom:framework-win-MediaFoundation: 216162199b28c13a410421893ffa2e32 -> 
  custom:container-demuxer-ogg: 62fdf1f143b41e24485cea50d1cbac27 -> 
  custom:video-decoder-webm-vp8: 9c59270c3fd7afecdb556c50c9e8de78 -> 
  custom:audio-decoder-ogg-vorbis: bf7c407c2cedff20999df2af8eb42d56 -> 
========================================================================
Received Prepare
Registering precompiled user dll's ...
Registered in 0.007765 seconds.
Begin MonoManager ReloadAssembly
Symbol file LoadedFromMemory doesn't match image C:\Users\watan\Documents\GitHub\Kakuto24\Library\PackageCache\com.unity.visualscripting@1.7.8\Editor\VisualScripting.Core\Dependencies\YamlDotNet\Unity.VisualScripting.YamlDotNet.dll
Symbol file LoadedFromMemory doesn't match image C:\Users\watan\Documents\GitHub\Kakuto24\Library\PackageCache\com.unity.visualscripting@1.7.8\Editor\VisualScripting.Core\Dependencies\DotNetZip\Unity.VisualScripting.IonicZip.dll
Native extension for WindowsStandalone target not found
Refreshing native plugins compatible for Editor in 1.16 ms, found 4 plugins.
Preloading 0 native plugins for Editor in 0.00 ms.
Mono: successfully reloaded assembly
- Completed reload, in  1.500 seconds
Domain Reload Profiling:
	ReloadAssembly (1502ms)
		BeginReloadAssembly (151ms)
			ExecutionOrderSort (0ms)
			DisableScriptedObjects (9ms)
			BackupInstance (0ms)
			ReleaseScriptingObjects (0ms)
			CreateAndSetChildDomain (46ms)
		EndReloadAssembly (1234ms)
			LoadAssemblies (107ms)
			RebuildTransferFunctionScriptingTraits (0ms)
			SetupTypeCache (291ms)
			ReleaseScriptCaches (2ms)
			RebuildScriptCaches (78ms)
			SetupLoadedEditorAssemblies (650ms)
				LogAssemblyErrors (0ms)
				InitializePlatformSupportModulesInManaged (15ms)
				SetLoadedEditorAssemblies (1ms)
				RefreshPlugins (1ms)
				BeforeProcessingInitializeOnLoad (97ms)
				ProcessInitializeOnLoadAttributes (456ms)
				ProcessInitializeOnLoadMethodAttributes (71ms)
				AfterProcessingInitializeOnLoad (8ms)
				EditorAssembliesLoaded (1ms)
			ExecutionOrderSort2 (0ms)
			AwakeInstancesAfterBackupRestoration (16ms)
Platform modules already initialized, skipping
Refreshing native plugins compatible for Editor in 4.71 ms, found 4 plugins.
Preloading 0 native plugins for Editor in 0.00 ms.
Unloading 4422 Unused Serialized files (Serialized files now loaded: 0)
Unloading 32 unused Assets / (192.0 KB). Loaded Objects now: 5045.
Memory consumption went from 177.9 MB to 177.7 MB.
Total: 7.288700 ms (FindLiveObjects: 0.813000 ms CreateObjectMapping: 0.434300 ms MarkObjects: 5.489300 ms  DeleteObjects: 0.549000 ms)

AssetImportParameters requested are different than current active one (requested -> active):
  custom:video-decoder-ogg-theora: a1e56fd34408186e4bbccfd4996cb3dc -> 
  custom:container-muxer-webm: aa71ff27fc2769a1b78a27578f13a17b -> 
  custom:container-demuxer-webm: 4f35f7cbe854078d1ac9338744f61a02 -> 
  custom:video-encoder-webm-vp8: eb34c28f22e8b96e1ab97ce403110664 -> 
  custom:video-codec-MediaFoundation-h265: 746d11721c4dcdbdad8f713fa42b33f4 -> 
  custom:audio-encoder-webm-vorbis: bf7c407c2cedff20999df2af8eb42d56 -> 
  custom:framework-win-MediaFoundation: 216162199b28c13a410421893ffa2e32 -> 
  custom:container-demuxer-ogg: 62fdf1f143b41e24485cea50d1cbac27 -> 
  custom:video-decoder-webm-vp8: 9c59270c3fd7afecdb556c50c9e8de78 -> 
  custom:audio-decoder-ogg-vorbis: bf7c407c2cedff20999df2af8eb42d56 -> 
========================================================================
Received Prepare
Registering precompiled user dll's ...
Registered in 0.007315 seconds.
Begin MonoManager ReloadAssembly
Symbol file LoadedFromMemory doesn't match image C:\Users\watan\Documents\GitHub\Kakuto24\Library\PackageCache\com.unity.visualscripting@1.7.8\Editor\VisualScripting.Core\Dependencies\YamlDotNet\Unity.VisualScripting.YamlDotNet.dll
Symbol file LoadedFromMemory doesn't match image C:\Users\watan\Documents\GitHub\Kakuto24\Library\PackageCache\com.unity.visualscripting@1.7.8\Editor\VisualScripting.Core\Dependencies\DotNetZip\Unity.VisualScripting.IonicZip.dll
Native extension for WindowsStandalone target not found
Refreshing native plugins compatible for Editor in 2.85 ms, found 4 plugins.
Preloading 0 native plugins for Editor in 0.00 ms.
Mono: successfully reloaded assembly
- Completed reload, in  1.867 seconds
Domain Reload Profiling:
	ReloadAssembly (1868ms)
		BeginReloadAssembly (171ms)
			ExecutionOrderSort (0ms)
			DisableScriptedObjects (8ms)
			BackupInstance (0ms)
			ReleaseScriptingObjects (0ms)
			CreateAndSetChildDomain (59ms)
		EndReloadAssembly (1577ms)
			LoadAssemblies (107ms)
			RebuildTransferFunctionScriptingTraits (0ms)
			SetupTypeCache (280ms)
			ReleaseScriptCaches (3ms)
			RebuildScriptCaches (107ms)
			SetupLoadedEditorAssemblies (918ms)
				LogAssemblyErrors (0ms)
				InitializePlatformSupportModulesInManaged (41ms)
				SetLoadedEditorAssemblies (2ms)
				RefreshPlugins (3ms)
				BeforeProcessingInitializeOnLoad (168ms)
				ProcessInitializeOnLoadAttributes (598ms)
				ProcessInitializeOnLoadMethodAttributes (93ms)
				AfterProcessingInitializeOnLoad (14ms)
				EditorAssembliesLoaded (0ms)
			ExecutionOrderSort2 (0ms)
			AwakeInstancesAfterBackupRestoration (21ms)
Platform modules already initialized, skipping
Refreshing native plugins compatible for Editor in 3.00 ms, found 4 plugins.
Preloading 0 native plugins for Editor in 0.00 ms.
Unloading 4422 Unused Serialized files (Serialized files now loaded: 0)
Unloading 32 unused Assets / (190.9 KB). Loaded Objects now: 5048.
Memory consumption went from 177.9 MB to 177.7 MB.
Total: 5.498700 ms (FindLiveObjects: 0.578400 ms CreateObjectMapping: 0.144700 ms MarkObjects: 4.544900 ms  DeleteObjects: 0.228500 ms)

AssetImportParameters requested are different than current active one (requested -> active):
  custom:video-decoder-ogg-theora: a1e56fd34408186e4bbccfd4996cb3dc -> 
  custom:container-muxer-webm: aa71ff27fc2769a1b78a27578f13a17b -> 
  custom:container-demuxer-webm: 4f35f7cbe854078d1ac9338744f61a02 -> 
  custom:video-encoder-webm-vp8: eb34c28f22e8b96e1ab97ce403110664 -> 
  custom:video-codec-MediaFoundation-h265: 746d11721c4dcdbdad8f713fa42b33f4 -> 
  custom:audio-encoder-webm-vorbis: bf7c407c2cedff20999df2af8eb42d56 -> 
  custom:framework-win-MediaFoundation: 216162199b28c13a410421893ffa2e32 -> 
  custom:container-demuxer-ogg: 62fdf1f143b41e24485cea50d1cbac27 -> 
  custom:video-decoder-webm-vp8: 9c59270c3fd7afecdb556c50c9e8de78 -> 
  custom:audio-decoder-ogg-vorbis: bf7c407c2cedff20999df2af8eb42d56 -> 
========================================================================
Received Prepare
Registering precompiled user dll's ...
Registered in 0.006372 seconds.
Begin MonoManager ReloadAssembly
Symbol file LoadedFromMemory doesn't match image C:\Users\watan\Documents\GitHub\Kakuto24\Library\PackageCache\com.unity.visualscripting@1.7.8\Editor\VisualScripting.Core\Dependencies\YamlDotNet\Unity.VisualScripting.YamlDotNet.dll
Symbol file LoadedFromMemory doesn't match image C:\Users\watan\Documents\GitHub\Kakuto24\Library\PackageCache\com.unity.visualscripting@1.7.8\Editor\VisualScripting.Core\Dependencies\DotNetZip\Unity.VisualScripting.IonicZip.dll
Native extension for WindowsStandalone target not found
Refreshing native plugins compatible for Editor in 2.93 ms, found 4 plugins.
Preloading 0 native plugins for Editor in 0.00 ms.
Mono: successfully reloaded assembly
- Completed reload, in  1.663 seconds
Domain Reload Profiling:
	ReloadAssembly (1665ms)
		BeginReloadAssembly (178ms)
			ExecutionOrderSort (0ms)
			DisableScriptedObjects (10ms)
			BackupInstance (0ms)
			ReleaseScriptingObjects (0ms)
			CreateAndSetChildDomain (55ms)
		EndReloadAssembly (1375ms)
			LoadAssemblies (117ms)
			RebuildTransferFunctionScriptingTraits (0ms)
			SetupTypeCache (306ms)
			ReleaseScriptCaches (2ms)
			RebuildScriptCaches (106ms)
			SetupLoadedEditorAssemblies (715ms)
				LogAssemblyErrors (0ms)
				InitializePlatformSupportModulesInManaged (36ms)
				SetLoadedEditorAssemblies (2ms)
				RefreshPlugins (3ms)
				BeforeProcessingInitializeOnLoad (135ms)
				ProcessInitializeOnLoadAttributes (459ms)
				ProcessInitializeOnLoadMethodAttributes (68ms)
				AfterProcessingInitializeOnLoad (10ms)
				EditorAssembliesLoaded (1ms)
			ExecutionOrderSort2 (0ms)
			AwakeInstancesAfterBackupRestoration (16ms)
Platform modules already initialized, skipping
Refreshing native plugins compatible for Editor in 3.82 ms, found 4 plugins.
Preloading 0 native plugins for Editor in 0.00 ms.
Unloading 4422 Unused Serialized files (Serialized files now loaded: 0)
Unloading 32 unused Assets / (191.2 KB). Loaded Objects now: 5051.
Memory consumption went from 177.9 MB to 177.7 MB.
Total: 7.241600 ms (FindLiveObjects: 1.169900 ms CreateObjectMapping: 0.607400 ms MarkObjects: 5.159600 ms  DeleteObjects: 0.301900 ms)

AssetImportParameters requested are different than current active one (requested -> active):
  custom:video-decoder-ogg-theora: a1e56fd34408186e4bbccfd4996cb3dc -> 
  custom:container-muxer-webm: aa71ff27fc2769a1b78a27578f13a17b -> 
  custom:container-demuxer-webm: 4f35f7cbe854078d1ac9338744f61a02 -> 
  custom:video-encoder-webm-vp8: eb34c28f22e8b96e1ab97ce403110664 -> 
  custom:video-codec-MediaFoundation-h265: 746d11721c4dcdbdad8f713fa42b33f4 -> 
  custom:audio-encoder-webm-vorbis: bf7c407c2cedff20999df2af8eb42d56 -> 
  custom:framework-win-MediaFoundation: 216162199b28c13a410421893ffa2e32 -> 
  custom:container-demuxer-ogg: 62fdf1f143b41e24485cea50d1cbac27 -> 
  custom:video-decoder-webm-vp8: 9c59270c3fd7afecdb556c50c9e8de78 -> 
  custom:audio-decoder-ogg-vorbis: bf7c407c2cedff20999df2af8eb42d56 -> 
========================================================================
Received Prepare
Registering precompiled user dll's ...
Registered in 0.006441 seconds.
Begin MonoManager ReloadAssembly
Symbol file LoadedFromMemory doesn't match image C:\Users\watan\Documents\GitHub\Kakuto24\Library\PackageCache\com.unity.visualscripting@1.7.8\Editor\VisualScripting.Core\Dependencies\YamlDotNet\Unity.VisualScripting.YamlDotNet.dll
Symbol file LoadedFromMemory doesn't match image C:\Users\watan\Documents\GitHub\Kakuto24\Library\PackageCache\com.unity.visualscripting@1.7.8\Editor\VisualScripting.Core\Dependencies\DotNetZip\Unity.VisualScripting.IonicZip.dll
Native extension for WindowsStandalone target not found
Refreshing native plugins compatible for Editor in 1.71 ms, found 4 plugins.
Preloading 0 native plugins for Editor in 0.00 ms.
Mono: successfully reloaded assembly
- Completed reload, in  1.957 seconds
Domain Reload Profiling:
	ReloadAssembly (1958ms)
		BeginReloadAssembly (170ms)
			ExecutionOrderSort (0ms)
			DisableScriptedObjects (8ms)
			BackupInstance (0ms)
			ReleaseScriptingObjects (0ms)
			CreateAndSetChildDomain (52ms)
		EndReloadAssembly (1669ms)
			LoadAssemblies (105ms)
			RebuildTransferFunctionScriptingTraits (0ms)
			SetupTypeCache (369ms)
			ReleaseScriptCaches (4ms)
			RebuildScriptCaches (143ms)
			SetupLoadedEditorAssemblies (878ms)
				LogAssemblyErrors (0ms)
				InitializePlatformSupportModulesInManaged (27ms)
				SetLoadedEditorAssemblies (1ms)
				RefreshPlugins (2ms)
				BeforeProcessingInitializeOnLoad (149ms)
				ProcessInitializeOnLoadAttributes (589ms)
				ProcessInitializeOnLoadMethodAttributes (100ms)
				AfterProcessingInitializeOnLoad (10ms)
				EditorAssembliesLoaded (1ms)
			ExecutionOrderSort2 (0ms)
			AwakeInstancesAfterBackupRestoration (23ms)
Platform modules already initialized, skipping
Refreshing native plugins compatible for Editor in 6.41 ms, found 4 plugins.
Preloading 0 native plugins for Editor in 0.00 ms.
Unloading 4422 Unused Serialized files (Serialized files now loaded: 0)
Unloading 32 unused Assets / (191.3 KB). Loaded Objects now: 5054.
Memory consumption went from 177.9 MB to 177.8 MB.
Total: 8.117900 ms (FindLiveObjects: 0.947200 ms CreateObjectMapping: 0.526200 ms MarkObjects: 6.180000 ms  DeleteObjects: 0.461800 ms)

AssetImportParameters requested are different than current active one (requested -> active):
  custom:video-decoder-ogg-theora: a1e56fd34408186e4bbccfd4996cb3dc -> 
  custom:container-muxer-webm: aa71ff27fc2769a1b78a27578f13a17b -> 
  custom:container-demuxer-webm: 4f35f7cbe854078d1ac9338744f61a02 -> 
  custom:video-encoder-webm-vp8: eb34c28f22e8b96e1ab97ce403110664 -> 
  custom:video-codec-MediaFoundation-h265: 746d11721c4dcdbdad8f713fa42b33f4 -> 
  custom:audio-encoder-webm-vorbis: bf7c407c2cedff20999df2af8eb42d56 -> 
  custom:framework-win-MediaFoundation: 216162199b28c13a410421893ffa2e32 -> 
  custom:container-demuxer-ogg: 62fdf1f143b41e24485cea50d1cbac27 -> 
  custom:video-decoder-webm-vp8: 9c59270c3fd7afecdb556c50c9e8de78 -> 
  custom:audio-decoder-ogg-vorbis: bf7c407c2cedff20999df2af8eb42d56 -> 
========================================================================
Received Import Request.
  Time since last request: 341.679205 seconds.
  path: Assets/Scenes/SampleScene.unity
  artifactKey: Guid(2cda990e2423bbf4892e6590ba056729) Importer(815301076,1909f56bfc062723c751e8b465ee728b)
Start importing Assets/Scenes/SampleScene.unity using Guid(2cda990e2423bbf4892e6590ba056729) Importer(815301076,1909f56bfc062723c751e8b465ee728b)  -> (artifact id: 'c1ef4e64921a448b3a77213690b36f9e') in 0.018152 seconds 
========================================================================
Received Import Request.
  Time since last request: 1.015527 seconds.
  path: Assets/Scenes/Stage2Scene.unity
  artifactKey: Guid(bdbff735fb818374ea190cae4101deed) Importer(815301076,1909f56bfc062723c751e8b465ee728b)
Start importing Assets/Scenes/Stage2Scene.unity using Guid(bdbff735fb818374ea190cae4101deed) Importer(815301076,1909f56bfc062723c751e8b465ee728b)  -> (artifact id: 'b458cde58ef94040948c7047dfc60253') in 0.003779 seconds 
========================================================================
Received Import Request.
  Time since last request: 0.795834 seconds.
  path: Assets/Scenes/StageSelectScene.unity
  artifactKey: Guid(1fd368a0d82f693439cd54ebd0d35d95) Importer(815301076,1909f56bfc062723c751e8b465ee728b)
Start importing Assets/Scenes/StageSelectScene.unity using Guid(1fd368a0d82f693439cd54ebd0d35d95) Importer(815301076,1909f56bfc062723c751e8b465ee728b)  -> (artifact id: '5d344a4906547a7f9e8e634b8ca42155') in 0.012473 seconds 
========================================================================
Received Import Request.
  Time since last request: 65.033872 seconds.
  path: Assets/picture/スクリーンショット 2024-11-01 235925.png
  artifactKey: Guid(c085d733b6c8343409b9c01104ade43f) Importer(815301076,1909f56bfc062723c751e8b465ee728b)
Start importing Assets/picture/スクリーンショット 2024-11-01 235925.png using Guid(c085d733b6c8343409b9c01104ade43f) Importer(815301076,1909f56bfc062723c751e8b465ee728b)  -> (artifact id: 'd22b8e3a596060895b2c6672e213ba4c') in 0.136389 seconds 
========================================================================
Received Import Request.
  Time since last request: 121.226436 seconds.
  path: Assets/picture/23170696.jpg
  artifactKey: Guid(0b9c19871416e174491ace992b5d334f) Importer(815301076,1909f56bfc062723c751e8b465ee728b)
Start importing Assets/picture/23170696.jpg using Guid(0b9c19871416e174491ace992b5d334f) Importer(815301076,1909f56bfc062723c751e8b465ee728b)  -> (artifact id: '9a20b5d732a5cc7df2049ff7fe592b44') in 0.472597 seconds 
========================================================================
Received Import Request.
  Time since last request: 27.675363 seconds.
  path: Assets/material/green_mate 1.mat
  artifactKey: Guid(36dd3c9109f5d514d89add3bf8346078) Importer(815301076,1909f56bfc062723c751e8b465ee728b)
Start importing Assets/material/green_mate 1.mat using Guid(36dd3c9109f5d514d89add3bf8346078) Importer(815301076,1909f56bfc062723c751e8b465ee728b)  -> (artifact id: 'd93b6f867db5c5fcde75fc7c0a9a7f62') in 0.042440 seconds 
========================================================================
Received Import Request.
  Time since last request: 12.743672 seconds.
  path: Assets/material/white_mate.mat
  artifactKey: Guid(36dd3c9109f5d514d89add3bf8346078) Importer(815301076,1909f56bfc062723c751e8b465ee728b)
Start importing Assets/material/white_mate.mat using Guid(36dd3c9109f5d514d89add3bf8346078) Importer(815301076,1909f56bfc062723c751e8b465ee728b)  -> (artifact id: '48225e1c2660dc093140fe5a7f774cc0') in 0.020900 seconds 
========================================================================
Received Import Request.
  Time since last request: 119.690418 seconds.
  path: Assets/HandPaintedRockTextures/Materials/rock_01.mat
  artifactKey: Guid(1c19932023d4c6c439dbf528aa6a3f30) Importer(815301076,1909f56bfc062723c751e8b465ee728b)
Start importing Assets/HandPaintedRockTextures/Materials/rock_01.mat using Guid(1c19932023d4c6c439dbf528aa6a3f30) Importer(815301076,1909f56bfc062723c751e8b465ee728b)  -> (artifact id: '8040dbc2c7215496fed93a789dd33787') in 0.025441 seconds 
========================================================================
Received Import Request.
  Time since last request: 0.000029 seconds.
  path: Assets/HandPaintedRockTextures/Materials/rock_05.mat
  artifactKey: Guid(66cc63015df8d98468ba037109e2e3b8) Importer(815301076,1909f56bfc062723c751e8b465ee728b)
Start importing Assets/HandPaintedRockTextures/Materials/rock_05.mat using Guid(66cc63015df8d98468ba037109e2e3b8) Importer(815301076,1909f56bfc062723c751e8b465ee728b)  -> (artifact id: '3674982f51305299649637a0de26947b') in 0.030434 seconds 
========================================================================
Received Prepare
Registering precompiled user dll's ...
Registered in 0.007006 seconds.
Begin MonoManager ReloadAssembly
Symbol file LoadedFromMemory doesn't match image C:\Users\watan\Documents\GitHub\Kakuto24\Library\PackageCache\com.unity.visualscripting@1.7.8\Editor\VisualScripting.Core\Dependencies\YamlDotNet\Unity.VisualScripting.YamlDotNet.dll
Symbol file LoadedFromMemory doesn't match image C:\Users\watan\Documents\GitHub\Kakuto24\Library\PackageCache\com.unity.visualscripting@1.7.8\Editor\VisualScripting.Core\Dependencies\DotNetZip\Unity.VisualScripting.IonicZip.dll
Native extension for WindowsStandalone target not found
Refreshing native plugins compatible for Editor in 1.67 ms, found 4 plugins.
Preloading 0 native plugins for Editor in 0.00 ms.
Mono: successfully reloaded assembly
- Completed reload, in  1.567 seconds
Domain Reload Profiling:
	ReloadAssembly (1569ms)
		BeginReloadAssembly (164ms)
			ExecutionOrderSort (0ms)
			DisableScriptedObjects (7ms)
			BackupInstance (0ms)
			ReleaseScriptingObjects (0ms)
			CreateAndSetChildDomain (50ms)
		EndReloadAssembly (1290ms)
			LoadAssemblies (119ms)
			RebuildTransferFunctionScriptingTraits (0ms)
			SetupTypeCache (346ms)
			ReleaseScriptCaches (4ms)
			RebuildScriptCaches (95ms)
			SetupLoadedEditorAssemblies (637ms)
				LogAssemblyErrors (0ms)
				InitializePlatformSupportModulesInManaged (18ms)
				SetLoadedEditorAssemblies (1ms)
				RefreshPlugins (2ms)
				BeforeProcessingInitializeOnLoad (113ms)
				ProcessInitializeOnLoadAttributes (437ms)
				ProcessInitializeOnLoadMethodAttributes (58ms)
				AfterProcessingInitializeOnLoad (8ms)
				EditorAssembliesLoaded (0ms)
			ExecutionOrderSort2 (0ms)
			AwakeInstancesAfterBackupRestoration (14ms)
Platform modules already initialized, skipping
Refreshing native plugins compatible for Editor in 3.57 ms, found 4 plugins.
Preloading 0 native plugins for Editor in 0.00 ms.
Unloading 4422 Unused Serialized files (Serialized files now loaded: 0)
Unloading 32 unused Assets / (191.1 KB). Loaded Objects now: 5063.
Memory consumption went from 178.0 MB to 177.8 MB.
Total: 6.840700 ms (FindLiveObjects: 0.758300 ms CreateObjectMapping: 0.198100 ms MarkObjects: 5.480300 ms  DeleteObjects: 0.400900 ms)

AssetImportParameters requested are different than current active one (requested -> active):
  custom:video-decoder-ogg-theora: a1e56fd34408186e4bbccfd4996cb3dc -> 
  custom:container-muxer-webm: aa71ff27fc2769a1b78a27578f13a17b -> 
  custom:container-demuxer-webm: 4f35f7cbe854078d1ac9338744f61a02 -> 
  custom:video-encoder-webm-vp8: eb34c28f22e8b96e1ab97ce403110664 -> 
  custom:video-codec-MediaFoundation-h265: 746d11721c4dcdbdad8f713fa42b33f4 -> 
  custom:audio-encoder-webm-vorbis: bf7c407c2cedff20999df2af8eb42d56 -> 
  custom:framework-win-MediaFoundation: 216162199b28c13a410421893ffa2e32 -> 
  custom:container-demuxer-ogg: 62fdf1f143b41e24485cea50d1cbac27 -> 
  custom:video-decoder-webm-vp8: 9c59270c3fd7afecdb556c50c9e8de78 -> 
  custom:audio-decoder-ogg-vorbis: bf7c407c2cedff20999df2af8eb42d56 -> 
========================================================================
Received Prepare
Registering precompiled user dll's ...
Registered in 0.008066 seconds.
Begin MonoManager ReloadAssembly
Symbol file LoadedFromMemory doesn't match image C:\Users\watan\Documents\GitHub\Kakuto24\Library\PackageCache\com.unity.visualscripting@1.7.8\Editor\VisualScripting.Core\Dependencies\YamlDotNet\Unity.VisualScripting.YamlDotNet.dll
Symbol file LoadedFromMemory doesn't match image C:\Users\watan\Documents\GitHub\Kakuto24\Library\PackageCache\com.unity.visualscripting@1.7.8\Editor\VisualScripting.Core\Dependencies\DotNetZip\Unity.VisualScripting.IonicZip.dll
Native extension for WindowsStandalone target not found
Refreshing native plugins compatible for Editor in 1.37 ms, found 4 plugins.
Preloading 0 native plugins for Editor in 0.00 ms.
Mono: successfully reloaded assembly
- Completed reload, in  1.909 seconds
Domain Reload Profiling:
	ReloadAssembly (1910ms)
		BeginReloadAssembly (209ms)
			ExecutionOrderSort (0ms)
			DisableScriptedObjects (11ms)
			BackupInstance (0ms)
			ReleaseScriptingObjects (0ms)
			CreateAndSetChildDomain (86ms)
		EndReloadAssembly (1556ms)
			LoadAssemblies (121ms)
			RebuildTransferFunctionScriptingTraits (0ms)
			SetupTypeCache (348ms)
			ReleaseScriptCaches (2ms)
			RebuildScriptCaches (81ms)
			SetupLoadedEditorAssemblies (796ms)
				LogAssemblyErrors (0ms)
				InitializePlatformSupportModulesInManaged (22ms)
				SetLoadedEditorAssemblies (1ms)
				RefreshPlugins (2ms)
				BeforeProcessingInitializeOnLoad (120ms)
				ProcessInitializeOnLoadAttributes (525ms)
				ProcessInitializeOnLoadMethodAttributes (110ms)
				AfterProcessingInitializeOnLoad (15ms)
				EditorAssembliesLoaded (1ms)
			ExecutionOrderSort2 (0ms)
			AwakeInstancesAfterBackupRestoration (31ms)
Platform modules already initialized, skipping
Refreshing native plugins compatible for Editor in 4.09 ms, found 4 plugins.
Preloading 0 native plugins for Editor in 0.00 ms.
Unloading 4422 Unused Serialized files (Serialized files now loaded: 0)
Unloading 32 unused Assets / (191.1 KB). Loaded Objects now: 5066.
Memory consumption went from 178.0 MB to 177.8 MB.
Total: 7.801800 ms (FindLiveObjects: 0.648300 ms CreateObjectMapping: 0.311800 ms MarkObjects: 6.372600 ms  DeleteObjects: 0.465600 ms)

AssetImportParameters requested are different than current active one (requested -> active):
  custom:video-decoder-ogg-theora: a1e56fd34408186e4bbccfd4996cb3dc -> 
  custom:container-muxer-webm: aa71ff27fc2769a1b78a27578f13a17b -> 
  custom:container-demuxer-webm: 4f35f7cbe854078d1ac9338744f61a02 -> 
  custom:video-encoder-webm-vp8: eb34c28f22e8b96e1ab97ce403110664 -> 
  custom:video-codec-MediaFoundation-h265: 746d11721c4dcdbdad8f713fa42b33f4 -> 
  custom:audio-encoder-webm-vorbis: bf7c407c2cedff20999df2af8eb42d56 -> 
  custom:framework-win-MediaFoundation: 216162199b28c13a410421893ffa2e32 -> 
  custom:container-demuxer-ogg: 62fdf1f143b41e24485cea50d1cbac27 -> 
  custom:video-decoder-webm-vp8: 9c59270c3fd7afecdb556c50c9e8de78 -> 
  custom:audio-decoder-ogg-vorbis: bf7c407c2cedff20999df2af8eb42d56 -> 
========================================================================
Received Prepare
Registering precompiled user dll's ...
Registered in 0.006881 seconds.
Begin MonoManager ReloadAssembly
Symbol file LoadedFromMemory doesn't match image C:\Users\watan\Documents\GitHub\Kakuto24\Library\PackageCache\com.unity.visualscripting@1.7.8\Editor\VisualScripting.Core\Dependencies\YamlDotNet\Unity.VisualScripting.YamlDotNet.dll
Symbol file LoadedFromMemory doesn't match image C:\Users\watan\Documents\GitHub\Kakuto24\Library\PackageCache\com.unity.visualscripting@1.7.8\Editor\VisualScripting.Core\Dependencies\DotNetZip\Unity.VisualScripting.IonicZip.dll
Native extension for WindowsStandalone target not found
Refreshing native plugins compatible for Editor in 2.87 ms, found 4 plugins.
Preloading 0 native plugins for Editor in 0.00 ms.
Mono: successfully reloaded assembly
- Completed reload, in  2.097 seconds
Domain Reload Profiling:
	ReloadAssembly (2099ms)
		BeginReloadAssembly (165ms)
			ExecutionOrderSort (0ms)
			DisableScriptedObjects (9ms)
			BackupInstance (0ms)
			ReleaseScriptingObjects (0ms)
			CreateAndSetChildDomain (47ms)
		EndReloadAssembly (1785ms)
			LoadAssemblies (128ms)
			RebuildTransferFunctionScriptingTraits (0ms)
			SetupTypeCache (396ms)
			ReleaseScriptCaches (3ms)
			RebuildScriptCaches (108ms)
			SetupLoadedEditorAssemblies (947ms)
				LogAssemblyErrors (0ms)
				InitializePlatformSupportModulesInManaged (32ms)
				SetLoadedEditorAssemblies (2ms)
				RefreshPlugins (3ms)
				BeforeProcessingInitializeOnLoad (175ms)
				ProcessInitializeOnLoadAttributes (627ms)
				ProcessInitializeOnLoadMethodAttributes (94ms)
				AfterProcessingInitializeOnLoad (14ms)
				EditorAssembliesLoaded (1ms)
			ExecutionOrderSort2 (0ms)
			AwakeInstancesAfterBackupRestoration (24ms)
Platform modules already initialized, skipping
Refreshing native plugins compatible for Editor in 4.50 ms, found 4 plugins.
Preloading 0 native plugins for Editor in 0.00 ms.
Unloading 4422 Unused Serialized files (Serialized files now loaded: 0)
Unloading 32 unused Assets / (191.0 KB). Loaded Objects now: 5069.
Memory consumption went from 178.0 MB to 177.8 MB.
Total: 5.845100 ms (FindLiveObjects: 0.668900 ms CreateObjectMapping: 0.340400 ms MarkObjects: 4.556500 ms  DeleteObjects: 0.277000 ms)

AssetImportParameters requested are different than current active one (requested -> active):
  custom:video-decoder-ogg-theora: a1e56fd34408186e4bbccfd4996cb3dc -> 
  custom:container-muxer-webm: aa71ff27fc2769a1b78a27578f13a17b -> 
  custom:container-demuxer-webm: 4f35f7cbe854078d1ac9338744f61a02 -> 
  custom:video-encoder-webm-vp8: eb34c28f22e8b96e1ab97ce403110664 -> 
  custom:video-codec-MediaFoundation-h265: 746d11721c4dcdbdad8f713fa42b33f4 -> 
  custom:audio-encoder-webm-vorbis: bf7c407c2cedff20999df2af8eb42d56 -> 
  custom:framework-win-MediaFoundation: 216162199b28c13a410421893ffa2e32 -> 
  custom:container-demuxer-ogg: 62fdf1f143b41e24485cea50d1cbac27 -> 
  custom:video-decoder-webm-vp8: 9c59270c3fd7afecdb556c50c9e8de78 -> 
  custom:audio-decoder-ogg-vorbis: bf7c407c2cedff20999df2af8eb42d56 -> 
========================================================================
Received Prepare
Registering precompiled user dll's ...
Registered in 0.007507 seconds.
Begin MonoManager ReloadAssembly
Symbol file LoadedFromMemory doesn't match image C:\Users\watan\Documents\GitHub\Kakuto24\Library\PackageCache\com.unity.visualscripting@1.7.8\Editor\VisualScripting.Core\Dependencies\YamlDotNet\Unity.VisualScripting.YamlDotNet.dll
Symbol file LoadedFromMemory doesn't match image C:\Users\watan\Documents\GitHub\Kakuto24\Library\PackageCache\com.unity.visualscripting@1.7.8\Editor\VisualScripting.Core\Dependencies\DotNetZip\Unity.VisualScripting.IonicZip.dll
Native extension for WindowsStandalone target not found
Refreshing native plugins compatible for Editor in 1.49 ms, found 4 plugins.
Preloading 0 native plugins for Editor in 0.00 ms.
Mono: successfully reloaded assembly
- Completed reload, in  1.587 seconds
Domain Reload Profiling:
	ReloadAssembly (1589ms)
		BeginReloadAssembly (158ms)
			ExecutionOrderSort (0ms)
			DisableScriptedObjects (8ms)
			BackupInstance (0ms)
			ReleaseScriptingObjects (0ms)
			CreateAndSetChildDomain (48ms)
		EndReloadAssembly (1313ms)
			LoadAssemblies (106ms)
			RebuildTransferFunctionScriptingTraits (0ms)
			SetupTypeCache (314ms)
			ReleaseScriptCaches (3ms)
			RebuildScriptCaches (104ms)
			SetupLoadedEditorAssemblies (620ms)
				LogAssemblyErrors (0ms)
				InitializePlatformSupportModulesInManaged (17ms)
				SetLoadedEditorAssemblies (1ms)
				RefreshPlugins (2ms)
				BeforeProcessingInitializeOnLoad (122ms)
				ProcessInitializeOnLoadAttributes (406ms)
				ProcessInitializeOnLoadMethodAttributes (63ms)
				AfterProcessingInitializeOnLoad (9ms)
				EditorAssembliesLoaded (1ms)
			ExecutionOrderSort2 (0ms)
			AwakeInstancesAfterBackupRestoration (17ms)
Platform modules already initialized, skipping
Refreshing native plugins compatible for Editor in 3.12 ms, found 4 plugins.
Preloading 0 native plugins for Editor in 0.00 ms.
Unloading 4422 Unused Serialized files (Serialized files now loaded: 0)
Unloading 32 unused Assets / (191.1 KB). Loaded Objects now: 5072.
Memory consumption went from 178.0 MB to 177.8 MB.
Total: 6.111800 ms (FindLiveObjects: 0.956700 ms CreateObjectMapping: 0.469100 ms MarkObjects: 4.448000 ms  DeleteObjects: 0.235500 ms)

AssetImportParameters requested are different than current active one (requested -> active):
  custom:video-decoder-ogg-theora: a1e56fd34408186e4bbccfd4996cb3dc -> 
  custom:container-muxer-webm: aa71ff27fc2769a1b78a27578f13a17b -> 
  custom:container-demuxer-webm: 4f35f7cbe854078d1ac9338744f61a02 -> 
  custom:video-encoder-webm-vp8: eb34c28f22e8b96e1ab97ce403110664 -> 
  custom:video-codec-MediaFoundation-h265: 746d11721c4dcdbdad8f713fa42b33f4 -> 
  custom:audio-encoder-webm-vorbis: bf7c407c2cedff20999df2af8eb42d56 -> 
  custom:framework-win-MediaFoundation: 216162199b28c13a410421893ffa2e32 -> 
  custom:container-demuxer-ogg: 62fdf1f143b41e24485cea50d1cbac27 -> 
  custom:video-decoder-webm-vp8: 9c59270c3fd7afecdb556c50c9e8de78 -> 
  custom:audio-decoder-ogg-vorbis: bf7c407c2cedff20999df2af8eb42d56 -> 
========================================================================
Received Import Request.
  Time since last request: 1454.024835 seconds.
  path: Assets/musics/charasesrect.mp3
  artifactKey: Guid(25177df9244b362458779cb80fa4e03a) Importer(815301076,1909f56bfc062723c751e8b465ee728b)
Start importing Assets/musics/charasesrect.mp3 using Guid(25177df9244b362458779cb80fa4e03a) Importer(815301076,1909f56bfc062723c751e8b465ee728b)  -> (artifact id: '93ffc5199502efe83a2d18a6d28a94bc') in 0.103924 seconds 
========================================================================
Received Import Request.
  Time since last request: 3.978531 seconds.
  path: Assets/musics/title.mp3
  artifactKey: Guid(0117281e91a92c746821d83bc96e7ae1) Importer(815301076,1909f56bfc062723c751e8b465ee728b)
Start importing Assets/musics/title.mp3 using Guid(0117281e91a92c746821d83bc96e7ae1) Importer(815301076,1909f56bfc062723c751e8b465ee728b)  -> (artifact id: '44f2f0179c9075ed3e66e5e88de72dd3') in 0.020375 seconds 
========================================================================
Received Import Request.
  Time since last request: 65.906741 seconds.
  path: Assets/musics/stage_ser.mp3
  artifactKey: Guid(d3f78476650f3474193eb51e76a0528e) Importer(815301076,1909f56bfc062723c751e8b465ee728b)
Start importing Assets/musics/stage_ser.mp3 using Guid(d3f78476650f3474193eb51e76a0528e) Importer(815301076,1909f56bfc062723c751e8b465ee728b)  -> (artifact id: '66b1c35cbf3e4fa5a1a81f8379eea9a5') in 0.021230 seconds 
========================================================================
Received Import Request.
  Time since last request: 4.000660 seconds.
  path: Assets/musics/tilte_sin.mp3
  artifactKey: Guid(fa00dd346c84faa4f879d1035f1b7d3d) Importer(815301076,1909f56bfc062723c751e8b465ee728b)
Start importing Assets/musics/tilte_sin.mp3 using Guid(fa00dd346c84faa4f879d1035f1b7d3d) Importer(815301076,1909f56bfc062723c751e8b465ee728b)  -> (artifact id: 'c81c3f091a7a59172a4c75d65dc4c6d5') in 0.020309 seconds 
========================================================================
Received Import Request.
  Time since last request: 17.602295 seconds.
  path: Assets/Scenes/StageSelectScene.unity
  artifactKey: Guid(1fd368a0d82f693439cd54ebd0d35d95) Importer(815301076,1909f56bfc062723c751e8b465ee728b)
Start importing Assets/Scenes/StageSelectScene.unity using Guid(1fd368a0d82f693439cd54ebd0d35d95) Importer(815301076,1909f56bfc062723c751e8b465ee728b)  -> (artifact id: 'd65d8e48053b0e9ea7865f9b17e0f5b5') in 0.008773 seconds 
========================================================================
Received Import Request.
  Time since last request: 3.841486 seconds.
  path: Assets/material/white_mate.mat
  artifactKey: Guid(36dd3c9109f5d514d89add3bf8346078) Importer(815301076,1909f56bfc062723c751e8b465ee728b)
Start importing Assets/material/white_mate.mat using Guid(36dd3c9109f5d514d89add3bf8346078) Importer(815301076,1909f56bfc062723c751e8b465ee728b)  -> (artifact id: 'a74a1ed9a2e6a087eb7817f1c9e17824') in 0.045442 seconds 
========================================================================
Received Import Request.
  Time since last request: 3.604414 seconds.
  path: Assets/blue_mate.mat
  artifactKey: Guid(d5d26c0c3a4cc114c964b215a088788a) Importer(815301076,1909f56bfc062723c751e8b465ee728b)
Start importing Assets/blue_mate.mat using Guid(d5d26c0c3a4cc114c964b215a088788a) Importer(815301076,1909f56bfc062723c751e8b465ee728b)  -> (artifact id: '6a390fd0d789a36905b8e9287fee4f6f') in 0.016220 seconds 
========================================================================
Received Import Request.
  Time since last request: 12.775560 seconds.
  path: Assets/HandPaintedRockTextures
  artifactKey: Guid(cc487a6134d5cca4cae18f6a9cd1ce98) Importer(815301076,1909f56bfc062723c751e8b465ee728b)
Start importing Assets/HandPaintedRockTextures using Guid(cc487a6134d5cca4cae18f6a9cd1ce98) Importer(815301076,1909f56bfc062723c751e8b465ee728b)  -> (artifact id: '51b65bb24c332379bd07c69243de3959') in 0.012756 seconds 
========================================================================
Received Import Request.
  Time since last request: 0.447177 seconds.
  path: Assets/HandPaintedRockTextures/Textures
  artifactKey: Guid(e853042d1fd480b4fa1e110113e8d319) Importer(815301076,1909f56bfc062723c751e8b465ee728b)
Start importing Assets/HandPaintedRockTextures/Textures using Guid(e853042d1fd480b4fa1e110113e8d319) Importer(815301076,1909f56bfc062723c751e8b465ee728b)  -> (artifact id: 'b868cab8f1f2a949402e57d7d05ff1d4') in 0.010390 seconds 
========================================================================
Received Import Request.
  Time since last request: 2.230741 seconds.
  path: Assets/objects
  artifactKey: Guid(3fc7dbe5650c4934fb3ef2be9d28b38a) Importer(815301076,1909f56bfc062723c751e8b465ee728b)
Start importing Assets/objects using Guid(3fc7dbe5650c4934fb3ef2be9d28b38a) Importer(815301076,1909f56bfc062723c751e8b465ee728b)  -> (artifact id: '76a76835727c45a2ed1bc66800a75940') in 0.010818 seconds 
========================================================================
Received Prepare
Registering precompiled user dll's ...
Registered in 0.007519 seconds.
Begin MonoManager ReloadAssembly
Symbol file LoadedFromMemory doesn't match image C:\Users\watan\Documents\GitHub\Kakuto24\Library\PackageCache\com.unity.visualscripting@1.7.8\Editor\VisualScripting.Core\Dependencies\YamlDotNet\Unity.VisualScripting.YamlDotNet.dll
Symbol file LoadedFromMemory doesn't match image C:\Users\watan\Documents\GitHub\Kakuto24\Library\PackageCache\com.unity.visualscripting@1.7.8\Editor\VisualScripting.Core\Dependencies\DotNetZip\Unity.VisualScripting.IonicZip.dll
Native extension for WindowsStandalone target not found
Refreshing native plugins compatible for Editor in 1.41 ms, found 4 plugins.
Preloading 0 native plugins for Editor in 0.00 ms.
Mono: successfully reloaded assembly
- Completed reload, in  1.546 seconds
Domain Reload Profiling:
	ReloadAssembly (1548ms)
		BeginReloadAssembly (160ms)
			ExecutionOrderSort (0ms)
			DisableScriptedObjects (7ms)
			BackupInstance (0ms)
			ReleaseScriptingObjects (0ms)
			CreateAndSetChildDomain (48ms)
		EndReloadAssembly (1266ms)
			LoadAssemblies (122ms)
			RebuildTransferFunctionScriptingTraits (0ms)
			SetupTypeCache (303ms)
			ReleaseScriptCaches (3ms)
			RebuildScriptCaches (76ms)
			SetupLoadedEditorAssemblies (646ms)
				LogAssemblyErrors (0ms)
				InitializePlatformSupportModulesInManaged (18ms)
				SetLoadedEditorAssemblies (1ms)
				RefreshPlugins (2ms)
				BeforeProcessingInitializeOnLoad (118ms)
				ProcessInitializeOnLoadAttributes (436ms)
				ProcessInitializeOnLoadMethodAttributes (64ms)
				AfterProcessingInitializeOnLoad (8ms)
				EditorAssembliesLoaded (0ms)
			ExecutionOrderSort2 (0ms)
			AwakeInstancesAfterBackupRestoration (16ms)
Platform modules already initialized, skipping
Refreshing native plugins compatible for Editor in 3.97 ms, found 4 plugins.
Preloading 0 native plugins for Editor in 0.00 ms.
Unloading 4422 Unused Serialized files (Serialized files now loaded: 0)
Unloading 32 unused Assets / (191.2 KB). Loaded Objects now: 5075.
Memory consumption went from 178.0 MB to 177.8 MB.
Total: 6.090600 ms (FindLiveObjects: 0.812200 ms CreateObjectMapping: 0.184400 ms MarkObjects: 4.802500 ms  DeleteObjects: 0.288800 ms)

AssetImportParameters requested are different than current active one (requested -> active):
  custom:video-decoder-ogg-theora: a1e56fd34408186e4bbccfd4996cb3dc -> 
  custom:container-muxer-webm: aa71ff27fc2769a1b78a27578f13a17b -> 
  custom:container-demuxer-webm: 4f35f7cbe854078d1ac9338744f61a02 -> 
  custom:video-encoder-webm-vp8: eb34c28f22e8b96e1ab97ce403110664 -> 
  custom:video-codec-MediaFoundation-h265: 746d11721c4dcdbdad8f713fa42b33f4 -> 
  custom:audio-encoder-webm-vorbis: bf7c407c2cedff20999df2af8eb42d56 -> 
  custom:framework-win-MediaFoundation: 216162199b28c13a410421893ffa2e32 -> 
  custom:container-demuxer-ogg: 62fdf1f143b41e24485cea50d1cbac27 -> 
  custom:video-decoder-webm-vp8: 9c59270c3fd7afecdb556c50c9e8de78 -> 
  custom:audio-decoder-ogg-vorbis: bf7c407c2cedff20999df2af8eb42d56 -> 
========================================================================
Received Import Request.
  Time since last request: 103.624374 seconds.
  path: Assets/Scenes/TitleScene.unity
  artifactKey: Guid(9536223403dcd634489e460652be86d8) Importer(815301076,1909f56bfc062723c751e8b465ee728b)
Start importing Assets/Scenes/TitleScene.unity using Guid(9536223403dcd634489e460652be86d8) Importer(815301076,1909f56bfc062723c751e8b465ee728b)  -> (artifact id: '3747ab3d88cbd3ca140227815a81c52d') in 0.017740 seconds 
========================================================================
Received Prepare
Registering precompiled user dll's ...
Registered in 0.007190 seconds.
Begin MonoManager ReloadAssembly
Symbol file LoadedFromMemory doesn't match image C:\Users\watan\Documents\GitHub\Kakuto24\Library\PackageCache\com.unity.visualscripting@1.7.8\Editor\VisualScripting.Core\Dependencies\YamlDotNet\Unity.VisualScripting.YamlDotNet.dll
Symbol file LoadedFromMemory doesn't match image C:\Users\watan\Documents\GitHub\Kakuto24\Library\PackageCache\com.unity.visualscripting@1.7.8\Editor\VisualScripting.Core\Dependencies\DotNetZip\Unity.VisualScripting.IonicZip.dll
Native extension for WindowsStandalone target not found
Refreshing native plugins compatible for Editor in 2.31 ms, found 4 plugins.
Preloading 0 native plugins for Editor in 0.00 ms.
Mono: successfully reloaded assembly
- Completed reload, in  1.542 seconds
Domain Reload Profiling:
	ReloadAssembly (1543ms)
		BeginReloadAssembly (162ms)
			ExecutionOrderSort (0ms)
			DisableScriptedObjects (9ms)
			BackupInstance (0ms)
			ReleaseScriptingObjects (0ms)
			CreateAndSetChildDomain (46ms)
		EndReloadAssembly (1264ms)
			LoadAssemblies (116ms)
			RebuildTransferFunctionScriptingTraits (0ms)
			SetupTypeCache (281ms)
			ReleaseScriptCaches (3ms)
			RebuildScriptCaches (66ms)
			SetupLoadedEditorAssemblies (713ms)
				LogAssemblyErrors (0ms)
				InitializePlatformSupportModulesInManaged (18ms)
				SetLoadedEditorAssemblies (1ms)
				RefreshPlugins (2ms)
				BeforeProcessingInitializeOnLoad (129ms)
				ProcessInitializeOnLoadAttributes (488ms)
				ProcessInitializeOnLoadMethodAttributes (66ms)
				AfterProcessingInitializeOnLoad (7ms)
				EditorAssembliesLoaded (1ms)
			ExecutionOrderSort2 (0ms)
			AwakeInstancesAfterBackupRestoration (18ms)
Platform modules already initialized, skipping
Refreshing native plugins compatible for Editor in 4.79 ms, found 4 plugins.
Preloading 0 native plugins for Editor in 0.00 ms.
Unloading 4422 Unused Serialized files (Serialized files now loaded: 0)
Unloading 32 unused Assets / (192.1 KB). Loaded Objects now: 5078.
Memory consumption went from 178.0 MB to 177.8 MB.
Total: 6.766700 ms (FindLiveObjects: 0.692500 ms CreateObjectMapping: 0.437000 ms MarkObjects: 5.198200 ms  DeleteObjects: 0.435500 ms)

AssetImportParameters requested are different than current active one (requested -> active):
  custom:video-decoder-ogg-theora: a1e56fd34408186e4bbccfd4996cb3dc -> 
  custom:container-muxer-webm: aa71ff27fc2769a1b78a27578f13a17b -> 
  custom:container-demuxer-webm: 4f35f7cbe854078d1ac9338744f61a02 -> 
  custom:video-encoder-webm-vp8: eb34c28f22e8b96e1ab97ce403110664 -> 
  custom:video-codec-MediaFoundation-h265: 746d11721c4dcdbdad8f713fa42b33f4 -> 
  custom:audio-encoder-webm-vorbis: bf7c407c2cedff20999df2af8eb42d56 -> 
  custom:framework-win-MediaFoundation: 216162199b28c13a410421893ffa2e32 -> 
  custom:container-demuxer-ogg: 62fdf1f143b41e24485cea50d1cbac27 -> 
  custom:video-decoder-webm-vp8: 9c59270c3fd7afecdb556c50c9e8de78 -> 
  custom:audio-decoder-ogg-vorbis: bf7c407c2cedff20999df2af8eb42d56 -> 
========================================================================
Received Import Request.
  Time since last request: 361.854806 seconds.
  path: Assets/Scenes/2PWinScene.unity
  artifactKey: Guid(edc0da5a1ecad474e98dc6f5f53ed053) Importer(815301076,1909f56bfc062723c751e8b465ee728b)
Start importing Assets/Scenes/2PWinScene.unity using Guid(edc0da5a1ecad474e98dc6f5f53ed053) Importer(815301076,1909f56bfc062723c751e8b465ee728b)  -> (artifact id: '5464d27081d65480cdd7124e132721b4') in 0.018799 seconds 
========================================================================
Received Import Request.
  Time since last request: 1.543044 seconds.
  path: Assets/Scenes/Stage2Scene.unity
  artifactKey: Guid(bdbff735fb818374ea190cae4101deed) Importer(815301076,1909f56bfc062723c751e8b465ee728b)
Start importing Assets/Scenes/Stage2Scene.unity using Guid(bdbff735fb818374ea190cae4101deed) Importer(815301076,1909f56bfc062723c751e8b465ee728b)  -> (artifact id: 'c17a557dca616a3515d63335eb08fa2f') in 0.011322 seconds 
========================================================================
Received Import Request.
  Time since last request: 0.957576 seconds.
  path: Assets/Scenes/StageSelectScene.unity
  artifactKey: Guid(1fd368a0d82f693439cd54ebd0d35d95) Importer(815301076,1909f56bfc062723c751e8b465ee728b)
Start importing Assets/Scenes/StageSelectScene.unity using Guid(1fd368a0d82f693439cd54ebd0d35d95) Importer(815301076,1909f56bfc062723c751e8b465ee728b)  -> (artifact id: '7dbcfadfa5b029772b23094d658b05dd') in 0.003801 seconds 
========================================================================
Received Prepare
Registering precompiled user dll's ...
Registered in 0.006775 seconds.
Begin MonoManager ReloadAssembly
Symbol file LoadedFromMemory doesn't match image C:\Users\watan\Documents\GitHub\Kakuto24\Library\PackageCache\com.unity.visualscripting@1.7.8\Editor\VisualScripting.Core\Dependencies\YamlDotNet\Unity.VisualScripting.YamlDotNet.dll
Symbol file LoadedFromMemory doesn't match image C:\Users\watan\Documents\GitHub\Kakuto24\Library\PackageCache\com.unity.visualscripting@1.7.8\Editor\VisualScripting.Core\Dependencies\DotNetZip\Unity.VisualScripting.IonicZip.dll
Native extension for WindowsStandalone target not found
Refreshing native plugins compatible for Editor in 1.66 ms, found 4 plugins.
Preloading 0 native plugins for Editor in 0.00 ms.
Mono: successfully reloaded assembly
- Completed reload, in  1.585 seconds
Domain Reload Profiling:
	ReloadAssembly (1586ms)
		BeginReloadAssembly (162ms)
			ExecutionOrderSort (0ms)
			DisableScriptedObjects (8ms)
			BackupInstance (0ms)
			ReleaseScriptingObjects (0ms)
			CreateAndSetChildDomain (54ms)
		EndReloadAssembly (1309ms)
			LoadAssemblies (110ms)
			RebuildTransferFunctionScriptingTraits (0ms)
			SetupTypeCache (323ms)
			ReleaseScriptCaches (3ms)
			RebuildScriptCaches (102ms)
			SetupLoadedEditorAssemblies (655ms)
				LogAssemblyErrors (0ms)
				InitializePlatformSupportModulesInManaged (19ms)
				SetLoadedEditorAssemblies (1ms)
				RefreshPlugins (2ms)
				BeforeProcessingInitializeOnLoad (116ms)
				ProcessInitializeOnLoadAttributes (449ms)
				ProcessInitializeOnLoadMethodAttributes (59ms)
				AfterProcessingInitializeOnLoad (7ms)
				EditorAssembliesLoaded (0ms)
			ExecutionOrderSort2 (0ms)
			AwakeInstancesAfterBackupRestoration (15ms)
Platform modules already initialized, skipping
Refreshing native plugins compatible for Editor in 4.46 ms, found 4 plugins.
Preloading 0 native plugins for Editor in 0.00 ms.
Unloading 4422 Unused Serialized files (Serialized files now loaded: 0)
Unloading 32 unused Assets / (191.3 KB). Loaded Objects now: 5081.
Memory consumption went from 178.0 MB to 177.8 MB.
Total: 8.222000 ms (FindLiveObjects: 1.035400 ms CreateObjectMapping: 0.504900 ms MarkObjects: 6.320700 ms  DeleteObjects: 0.358500 ms)

AssetImportParameters requested are different than current active one (requested -> active):
  custom:video-decoder-ogg-theora: a1e56fd34408186e4bbccfd4996cb3dc -> 
  custom:container-muxer-webm: aa71ff27fc2769a1b78a27578f13a17b -> 
  custom:container-demuxer-webm: 4f35f7cbe854078d1ac9338744f61a02 -> 
  custom:video-encoder-webm-vp8: eb34c28f22e8b96e1ab97ce403110664 -> 
  custom:video-codec-MediaFoundation-h265: 746d11721c4dcdbdad8f713fa42b33f4 -> 
  custom:audio-encoder-webm-vorbis: bf7c407c2cedff20999df2af8eb42d56 -> 
  custom:framework-win-MediaFoundation: 216162199b28c13a410421893ffa2e32 -> 
  custom:container-demuxer-ogg: 62fdf1f143b41e24485cea50d1cbac27 -> 
  custom:video-decoder-webm-vp8: 9c59270c3fd7afecdb556c50c9e8de78 -> 
  custom:audio-decoder-ogg-vorbis: bf7c407c2cedff20999df2af8eb42d56 -> 
========================================================================
Received Import Request.
  Time since last request: 107.938725 seconds.
  path: Assets/musics/Certain_Victory.mp3
  artifactKey: Guid(58e38dc2eaa12bf4a80605ebc42f7754) Importer(815301076,1909f56bfc062723c751e8b465ee728b)
Start importing Assets/musics/Certain_Victory.mp3 using Guid(58e38dc2eaa12bf4a80605ebc42f7754) Importer(815301076,1909f56bfc062723c751e8b465ee728b)  -> (artifact id: '81fd12dd39861fd1b16f06c3beace06f') in 0.059437 seconds 
========================================================================
Received Prepare
Registering precompiled user dll's ...
Registered in 0.006645 seconds.
Begin MonoManager ReloadAssembly
Symbol file LoadedFromMemory doesn't match image C:\Users\watan\Documents\GitHub\Kakuto24\Library\PackageCache\com.unity.visualscripting@1.7.8\Editor\VisualScripting.Core\Dependencies\YamlDotNet\Unity.VisualScripting.YamlDotNet.dll
Symbol file LoadedFromMemory doesn't match image C:\Users\watan\Documents\GitHub\Kakuto24\Library\PackageCache\com.unity.visualscripting@1.7.8\Editor\VisualScripting.Core\Dependencies\DotNetZip\Unity.VisualScripting.IonicZip.dll
Native extension for WindowsStandalone target not found
Refreshing native plugins compatible for Editor in 1.14 ms, found 4 plugins.
Preloading 0 native plugins for Editor in 0.00 ms.
Mono: successfully reloaded assembly
- Completed reload, in  1.702 seconds
Domain Reload Profiling:
	ReloadAssembly (1703ms)
		BeginReloadAssembly (159ms)
			ExecutionOrderSort (0ms)
			DisableScriptedObjects (8ms)
			BackupInstance (0ms)
			ReleaseScriptingObjects (0ms)
			CreateAndSetChildDomain (47ms)
		EndReloadAssembly (1413ms)
			LoadAssemblies (106ms)
			RebuildTransferFunctionScriptingTraits (0ms)
			SetupTypeCache (370ms)
			ReleaseScriptCaches (3ms)
			RebuildScriptCaches (102ms)
			SetupLoadedEditorAssemblies (685ms)
				LogAssemblyErrors (0ms)
				InitializePlatformSupportModulesInManaged (17ms)
				SetLoadedEditorAssemblies (1ms)
				RefreshPlugins (1ms)
				BeforeProcessingInitializeOnLoad (125ms)
				ProcessInitializeOnLoadAttributes (469ms)
				ProcessInitializeOnLoadMethodAttributes (62ms)
				AfterProcessingInitializeOnLoad (9ms)
				EditorAssembliesLoaded (1ms)
			ExecutionOrderSort2 (0ms)
			AwakeInstancesAfterBackupRestoration (20ms)
Platform modules already initialized, skipping
Refreshing native plugins compatible for Editor in 3.95 ms, found 4 plugins.
Preloading 0 native plugins for Editor in 0.00 ms.
Unloading 4422 Unused Serialized files (Serialized files now loaded: 0)
Unloading 32 unused Assets / (191.1 KB). Loaded Objects now: 5084.
Memory consumption went from 178.0 MB to 177.8 MB.
Total: 6.251600 ms (FindLiveObjects: 0.644900 ms CreateObjectMapping: 0.334600 ms MarkObjects: 4.892500 ms  DeleteObjects: 0.377500 ms)

AssetImportParameters requested are different than current active one (requested -> active):
  custom:video-decoder-ogg-theora: a1e56fd34408186e4bbccfd4996cb3dc -> 
  custom:container-muxer-webm: aa71ff27fc2769a1b78a27578f13a17b -> 
  custom:container-demuxer-webm: 4f35f7cbe854078d1ac9338744f61a02 -> 
  custom:video-encoder-webm-vp8: eb34c28f22e8b96e1ab97ce403110664 -> 
  custom:video-codec-MediaFoundation-h265: 746d11721c4dcdbdad8f713fa42b33f4 -> 
  custom:audio-encoder-webm-vorbis: bf7c407c2cedff20999df2af8eb42d56 -> 
  custom:framework-win-MediaFoundation: 216162199b28c13a410421893ffa2e32 -> 
  custom:container-demuxer-ogg: 62fdf1f143b41e24485cea50d1cbac27 -> 
  custom:video-decoder-webm-vp8: 9c59270c3fd7afecdb556c50c9e8de78 -> 
  custom:audio-decoder-ogg-vorbis: bf7c407c2cedff20999df2af8eb42d56 -> 
========================================================================
Received Import Request.
  Time since last request: 45.590481 seconds.
  path: Assets/Scenes/2PWinScene.unity
  artifactKey: Guid(edc0da5a1ecad474e98dc6f5f53ed053) Importer(815301076,1909f56bfc062723c751e8b465ee728b)
Start importing Assets/Scenes/2PWinScene.unity using Guid(edc0da5a1ecad474e98dc6f5f53ed053) Importer(815301076,1909f56bfc062723c751e8b465ee728b)  -> (artifact id: '02f82dba4762781a81e3c3e0fa9f9b1c') in 0.011044 seconds 
========================================================================
Received Import Request.
  Time since last request: 0.617242 seconds.
  path: Assets/Scenes/1PWinScene.unity
  artifactKey: Guid(0b8ef13f93cc34547a5486a006970777) Importer(815301076,1909f56bfc062723c751e8b465ee728b)
Start importing Assets/Scenes/1PWinScene.unity using Guid(0b8ef13f93cc34547a5486a006970777) Importer(815301076,1909f56bfc062723c751e8b465ee728b)  -> (artifact id: '6cdd33bd507e7f5dde6840fcfe453012') in 0.009398 seconds 
========================================================================
Received Prepare
Registering precompiled user dll's ...
Registered in 0.006826 seconds.
Begin MonoManager ReloadAssembly
Symbol file LoadedFromMemory doesn't match image C:\Users\watan\Documents\GitHub\Kakuto24\Library\PackageCache\com.unity.visualscripting@1.7.8\Editor\VisualScripting.Core\Dependencies\YamlDotNet\Unity.VisualScripting.YamlDotNet.dll
Symbol file LoadedFromMemory doesn't match image C:\Users\watan\Documents\GitHub\Kakuto24\Library\PackageCache\com.unity.visualscripting@1.7.8\Editor\VisualScripting.Core\Dependencies\DotNetZip\Unity.VisualScripting.IonicZip.dll
Native extension for WindowsStandalone target not found
Refreshing native plugins compatible for Editor in 1.53 ms, found 4 plugins.
Preloading 0 native plugins for Editor in 0.00 ms.
Mono: successfully reloaded assembly
- Completed reload, in  1.579 seconds
Domain Reload Profiling:
	ReloadAssembly (1580ms)
		BeginReloadAssembly (166ms)
			ExecutionOrderSort (0ms)
			DisableScriptedObjects (10ms)
			BackupInstance (0ms)
			ReleaseScriptingObjects (0ms)
			CreateAndSetChildDomain (60ms)
		EndReloadAssembly (1279ms)
			LoadAssemblies (103ms)
			RebuildTransferFunctionScriptingTraits (0ms)
			SetupTypeCache (336ms)
			ReleaseScriptCaches (2ms)
			RebuildScriptCaches (69ms)
			SetupLoadedEditorAssemblies (672ms)
				LogAssemblyErrors (0ms)
				InitializePlatformSupportModulesInManaged (20ms)
				SetLoadedEditorAssemblies (1ms)
				RefreshPlugins (2ms)
				BeforeProcessingInitializeOnLoad (124ms)
				ProcessInitializeOnLoadAttributes (459ms)
				ProcessInitializeOnLoadMethodAttributes (58ms)
				AfterProcessingInitializeOnLoad (7ms)
				EditorAssembliesLoaded (0ms)
			ExecutionOrderSort2 (0ms)
			AwakeInstancesAfterBackupRestoration (14ms)
Platform modules already initialized, skipping
Refreshing native plugins compatible for Editor in 3.14 ms, found 4 plugins.
Preloading 0 native plugins for Editor in 0.00 ms.
Unloading 4422 Unused Serialized files (Serialized files now loaded: 0)
Unloading 32 unused Assets / (191.2 KB). Loaded Objects now: 5087.
Memory consumption went from 178.0 MB to 177.9 MB.
Total: 5.140300 ms (FindLiveObjects: 0.496000 ms CreateObjectMapping: 0.180400 ms MarkObjects: 4.139300 ms  DeleteObjects: 0.322900 ms)

AssetImportParameters requested are different than current active one (requested -> active):
  custom:video-decoder-ogg-theora: a1e56fd34408186e4bbccfd4996cb3dc -> 
  custom:container-muxer-webm: aa71ff27fc2769a1b78a27578f13a17b -> 
  custom:container-demuxer-webm: 4f35f7cbe854078d1ac9338744f61a02 -> 
  custom:video-encoder-webm-vp8: eb34c28f22e8b96e1ab97ce403110664 -> 
  custom:video-codec-MediaFoundation-h265: 746d11721c4dcdbdad8f713fa42b33f4 -> 
  custom:audio-encoder-webm-vorbis: bf7c407c2cedff20999df2af8eb42d56 -> 
  custom:framework-win-MediaFoundation: 216162199b28c13a410421893ffa2e32 -> 
  custom:container-demuxer-ogg: 62fdf1f143b41e24485cea50d1cbac27 -> 
  custom:video-decoder-webm-vp8: 9c59270c3fd7afecdb556c50c9e8de78 -> 
  custom:audio-decoder-ogg-vorbis: bf7c407c2cedff20999df2af8eb42d56 -> 
========================================================================
Received Prepare
Registering precompiled user dll's ...
Registered in 0.011632 seconds.
Begin MonoManager ReloadAssembly
Symbol file LoadedFromMemory doesn't match image C:\Users\watan\Documents\GitHub\Kakuto24\Library\PackageCache\com.unity.visualscripting@1.7.8\Editor\VisualScripting.Core\Dependencies\YamlDotNet\Unity.VisualScripting.YamlDotNet.dll
Symbol file LoadedFromMemory doesn't match image C:\Users\watan\Documents\GitHub\Kakuto24\Library\PackageCache\com.unity.visualscripting@1.7.8\Editor\VisualScripting.Core\Dependencies\DotNetZip\Unity.VisualScripting.IonicZip.dll
Native extension for WindowsStandalone target not found
Refreshing native plugins compatible for Editor in 1.65 ms, found 4 plugins.
Preloading 0 native plugins for Editor in 0.00 ms.
Mono: successfully reloaded assembly
- Completed reload, in  2.437 seconds
Domain Reload Profiling:
	ReloadAssembly (2439ms)
		BeginReloadAssembly (489ms)
			ExecutionOrderSort (0ms)
			DisableScriptedObjects (38ms)
			BackupInstance (0ms)
			ReleaseScriptingObjects (0ms)
			CreateAndSetChildDomain (225ms)
		EndReloadAssembly (1733ms)
			LoadAssemblies (217ms)
			RebuildTransferFunctionScriptingTraits (0ms)
			SetupTypeCache (524ms)
			ReleaseScriptCaches (3ms)
			RebuildScriptCaches (103ms)
			SetupLoadedEditorAssemblies (788ms)
				LogAssemblyErrors (0ms)
				InitializePlatformSupportModulesInManaged (22ms)
				SetLoadedEditorAssemblies (1ms)
				RefreshPlugins (2ms)
				BeforeProcessingInitializeOnLoad (152ms)
				ProcessInitializeOnLoadAttributes (530ms)
				ProcessInitializeOnLoadMethodAttributes (70ms)
				AfterProcessingInitializeOnLoad (10ms)
				EditorAssembliesLoaded (0ms)
			ExecutionOrderSort2 (0ms)
			AwakeInstancesAfterBackupRestoration (23ms)
Platform modules already initialized, skipping
Refreshing native plugins compatible for Editor in 5.28 ms, found 4 plugins.
Preloading 0 native plugins for Editor in 0.00 ms.
Unloading 4422 Unused Serialized files (Serialized files now loaded: 0)
Unloading 32 unused Assets / (191.1 KB). Loaded Objects now: 5090.
Memory consumption went from 178.0 MB to 177.9 MB.
Total: 9.730700 ms (FindLiveObjects: 0.941500 ms CreateObjectMapping: 0.557900 ms MarkObjects: 7.587400 ms  DeleteObjects: 0.641800 ms)

AssetImportParameters requested are different than current active one (requested -> active):
  custom:video-decoder-ogg-theora: a1e56fd34408186e4bbccfd4996cb3dc -> 
  custom:container-muxer-webm: aa71ff27fc2769a1b78a27578f13a17b -> 
  custom:container-demuxer-webm: 4f35f7cbe854078d1ac9338744f61a02 -> 
  custom:video-encoder-webm-vp8: eb34c28f22e8b96e1ab97ce403110664 -> 
  custom:video-codec-MediaFoundation-h265: 746d11721c4dcdbdad8f713fa42b33f4 -> 
  custom:audio-encoder-webm-vorbis: bf7c407c2cedff20999df2af8eb42d56 -> 
  custom:framework-win-MediaFoundation: 216162199b28c13a410421893ffa2e32 -> 
  custom:container-demuxer-ogg: 62fdf1f143b41e24485cea50d1cbac27 -> 
  custom:video-decoder-webm-vp8: 9c59270c3fd7afecdb556c50c9e8de78 -> 
  custom:audio-decoder-ogg-vorbis: bf7c407c2cedff20999df2af8eb42d56 -> 
========================================================================
Received Prepare
Registering precompiled user dll's ...
Registered in 0.007129 seconds.
Begin MonoManager ReloadAssembly
Symbol file LoadedFromMemory doesn't match image C:\Users\watan\Documents\GitHub\Kakuto24\Library\PackageCache\com.unity.visualscripting@1.7.8\Editor\VisualScripting.Core\Dependencies\YamlDotNet\Unity.VisualScripting.YamlDotNet.dll
Symbol file LoadedFromMemory doesn't match image C:\Users\watan\Documents\GitHub\Kakuto24\Library\PackageCache\com.unity.visualscripting@1.7.8\Editor\VisualScripting.Core\Dependencies\DotNetZip\Unity.VisualScripting.IonicZip.dll
Native extension for WindowsStandalone target not found
Refreshing native plugins compatible for Editor in 1.16 ms, found 4 plugins.
Preloading 0 native plugins for Editor in 0.00 ms.
Mono: successfully reloaded assembly
- Completed reload, in  1.650 seconds
Domain Reload Profiling:
	ReloadAssembly (1652ms)
		BeginReloadAssembly (172ms)
			ExecutionOrderSort (0ms)
			DisableScriptedObjects (8ms)
			BackupInstance (0ms)
			ReleaseScriptingObjects (0ms)
			CreateAndSetChildDomain (52ms)
		EndReloadAssembly (1353ms)
			LoadAssemblies (120ms)
			RebuildTransferFunctionScriptingTraits (0ms)
			SetupTypeCache (384ms)
			ReleaseScriptCaches (4ms)
			RebuildScriptCaches (94ms)
			SetupLoadedEditorAssemblies (639ms)
				LogAssemblyErrors (0ms)
				InitializePlatformSupportModulesInManaged (23ms)
				SetLoadedEditorAssemblies (1ms)
				RefreshPlugins (1ms)
				BeforeProcessingInitializeOnLoad (125ms)
				ProcessInitializeOnLoadAttributes (415ms)
				ProcessInitializeOnLoadMethodAttributes (64ms)
				AfterProcessingInitializeOnLoad (9ms)
				EditorAssembliesLoaded (0ms)
			ExecutionOrderSort2 (0ms)
			AwakeInstancesAfterBackupRestoration (21ms)
Platform modules already initialized, skipping
Refreshing native plugins compatible for Editor in 6.07 ms, found 4 plugins.
Preloading 0 native plugins for Editor in 0.00 ms.
Unloading 4422 Unused Serialized files (Serialized files now loaded: 0)
Unloading 32 unused Assets / (192.2 KB). Loaded Objects now: 5093.
Memory consumption went from 178.1 MB to 177.9 MB.
Total: 6.547700 ms (FindLiveObjects: 0.593000 ms CreateObjectMapping: 0.202000 ms MarkObjects: 5.408100 ms  DeleteObjects: 0.342700 ms)

AssetImportParameters requested are different than current active one (requested -> active):
  custom:video-decoder-ogg-theora: a1e56fd34408186e4bbccfd4996cb3dc -> 
  custom:container-muxer-webm: aa71ff27fc2769a1b78a27578f13a17b -> 
  custom:container-demuxer-webm: 4f35f7cbe854078d1ac9338744f61a02 -> 
  custom:video-encoder-webm-vp8: eb34c28f22e8b96e1ab97ce403110664 -> 
  custom:video-codec-MediaFoundation-h265: 746d11721c4dcdbdad8f713fa42b33f4 -> 
  custom:audio-encoder-webm-vorbis: bf7c407c2cedff20999df2af8eb42d56 -> 
  custom:framework-win-MediaFoundation: 216162199b28c13a410421893ffa2e32 -> 
  custom:container-demuxer-ogg: 62fdf1f143b41e24485cea50d1cbac27 -> 
  custom:video-decoder-webm-vp8: 9c59270c3fd7afecdb556c50c9e8de78 -> 
  custom:audio-decoder-ogg-vorbis: bf7c407c2cedff20999df2af8eb42d56 -> 
========================================================================
Received Import Request.
  Time since last request: 3628.171303 seconds.
  path: Assets/program/tumi_bousi.cs
  artifactKey: Guid(14b04077caeea5a408e2a9ab175d5b59) Importer(815301076,1909f56bfc062723c751e8b465ee728b)
Start importing Assets/program/tumi_bousi.cs using Guid(14b04077caeea5a408e2a9ab175d5b59) Importer(815301076,1909f56bfc062723c751e8b465ee728b)  -> (artifact id: '8abb681b88b57c48f268b013acedd282') in 0.054834 seconds 
========================================================================
Received Prepare
Registering precompiled user dll's ...
Registered in 0.010050 seconds.
Begin MonoManager ReloadAssembly
Symbol file LoadedFromMemory doesn't match image C:\Users\watan\Documents\GitHub\Kakuto24\Library\PackageCache\com.unity.visualscripting@1.7.8\Editor\VisualScripting.Core\Dependencies\YamlDotNet\Unity.VisualScripting.YamlDotNet.dll
Symbol file LoadedFromMemory doesn't match image C:\Users\watan\Documents\GitHub\Kakuto24\Library\PackageCache\com.unity.visualscripting@1.7.8\Editor\VisualScripting.Core\Dependencies\DotNetZip\Unity.VisualScripting.IonicZip.dll
Native extension for WindowsStandalone target not found
Refreshing native plugins compatible for Editor in 1.02 ms, found 4 plugins.
Preloading 0 native plugins for Editor in 0.00 ms.
Mono: successfully reloaded assembly
- Completed reload, in  1.529 seconds
Domain Reload Profiling:
	ReloadAssembly (1531ms)
		BeginReloadAssembly (188ms)
			ExecutionOrderSort (0ms)
			DisableScriptedObjects (8ms)
			BackupInstance (0ms)
			ReleaseScriptingObjects (0ms)
			CreateAndSetChildDomain (57ms)
		EndReloadAssembly (1219ms)
			LoadAssemblies (128ms)
			RebuildTransferFunctionScriptingTraits (0ms)
			SetupTypeCache (378ms)
			ReleaseScriptCaches (2ms)
			RebuildScriptCaches (62ms)
			SetupLoadedEditorAssemblies (578ms)
				LogAssemblyErrors (0ms)
				InitializePlatformSupportModulesInManaged (15ms)
				SetLoadedEditorAssemblies (1ms)
				RefreshPlugins (1ms)
				BeforeProcessingInitializeOnLoad (95ms)
				ProcessInitializeOnLoadAttributes (390ms)
				ProcessInitializeOnLoadMethodAttributes (65ms)
				AfterProcessingInitializeOnLoad (10ms)
				EditorAssembliesLoaded (1ms)
			ExecutionOrderSort2 (0ms)
			AwakeInstancesAfterBackupRestoration (17ms)
Platform modules already initialized, skipping
Refreshing native plugins compatible for Editor in 6.10 ms, found 4 plugins.
Preloading 0 native plugins for Editor in 0.00 ms.
Unloading 4422 Unused Serialized files (Serialized files now loaded: 0)
Unloading 32 unused Assets / (191.1 KB). Loaded Objects now: 5096.
Memory consumption went from 178.1 MB to 177.9 MB.
Total: 7.902700 ms (FindLiveObjects: 0.764300 ms CreateObjectMapping: 0.960600 ms MarkObjects: 5.833100 ms  DeleteObjects: 0.342800 ms)

AssetImportParameters requested are different than current active one (requested -> active):
  custom:video-decoder-ogg-theora: a1e56fd34408186e4bbccfd4996cb3dc -> 
  custom:container-muxer-webm: aa71ff27fc2769a1b78a27578f13a17b -> 
  custom:container-demuxer-webm: 4f35f7cbe854078d1ac9338744f61a02 -> 
  custom:video-encoder-webm-vp8: eb34c28f22e8b96e1ab97ce403110664 -> 
  custom:video-codec-MediaFoundation-h265: 746d11721c4dcdbdad8f713fa42b33f4 -> 
  custom:audio-encoder-webm-vorbis: bf7c407c2cedff20999df2af8eb42d56 -> 
  custom:framework-win-MediaFoundation: 216162199b28c13a410421893ffa2e32 -> 
  custom:container-demuxer-ogg: 62fdf1f143b41e24485cea50d1cbac27 -> 
  custom:video-decoder-webm-vp8: 9c59270c3fd7afecdb556c50c9e8de78 -> 
  custom:audio-decoder-ogg-vorbis: bf7c407c2cedff20999df2af8eb42d56 -> 
========================================================================
Received Import Request.
  Time since last request: 94.125946 seconds.
  path: Assets/Scenes/1PWinScene.unity
  artifactKey: Guid(0b8ef13f93cc34547a5486a006970777) Importer(815301076,1909f56bfc062723c751e8b465ee728b)
Start importing Assets/Scenes/1PWinScene.unity using Guid(0b8ef13f93cc34547a5486a006970777) Importer(815301076,1909f56bfc062723c751e8b465ee728b)  -> (artifact id: '7fc4f6837ef6786c736630dc11508693') in 0.018928 seconds 
========================================================================
Received Prepare
Refreshing native plugins compatible for Editor in 13.34 ms, found 4 plugins.
Preloading 0 native plugins for Editor in 0.00 ms.
Unloading 32 Unused Serialized files (Serialized files now loaded: 0)
Unloading 32 unused Assets / (188.4 KB). Loaded Objects now: 5096.
Memory consumption went from 90.3 MB to 90.1 MB.
Total: 7.172300 ms (FindLiveObjects: 0.643400 ms CreateObjectMapping: 0.310800 ms MarkObjects: 5.860600 ms  DeleteObjects: 0.355200 ms)

AssetImportParameters requested are different than current active one (requested -> active):
  custom:video-decoder-ogg-theora: a1e56fd34408186e4bbccfd4996cb3dc -> 
  custom:container-muxer-webm: aa71ff27fc2769a1b78a27578f13a17b -> 
  custom:container-demuxer-webm: 4f35f7cbe854078d1ac9338744f61a02 -> 
  custom:video-encoder-webm-vp8: eb34c28f22e8b96e1ab97ce403110664 -> 
  custom:video-codec-MediaFoundation-h265: 746d11721c4dcdbdad8f713fa42b33f4 -> 
  custom:audio-encoder-webm-vorbis: bf7c407c2cedff20999df2af8eb42d56 -> 
  custom:framework-win-MediaFoundation: 216162199b28c13a410421893ffa2e32 -> 
  custom:container-demuxer-ogg: 62fdf1f143b41e24485cea50d1cbac27 -> 
  custom:video-decoder-webm-vp8: 9c59270c3fd7afecdb556c50c9e8de78 -> 
  custom:audio-decoder-ogg-vorbis: bf7c407c2cedff20999df2af8eb42d56 -> 
========================================================================
Received Prepare
Refreshing native plugins compatible for Editor in 10.90 ms, found 4 plugins.
Preloading 0 native plugins for Editor in 0.00 ms.
Unloading 32 Unused Serialized files (Serialized files now loaded: 0)
Unloading 32 unused Assets / (188.4 KB). Loaded Objects now: 5096.
Memory consumption went from 90.3 MB to 90.1 MB.
Total: 6.298100 ms (FindLiveObjects: 0.513000 ms CreateObjectMapping: 0.424900 ms MarkObjects: 4.948600 ms  DeleteObjects: 0.409300 ms)

AssetImportParameters requested are different than current active one (requested -> active):
  custom:video-decoder-ogg-theora: a1e56fd34408186e4bbccfd4996cb3dc -> 
  custom:container-muxer-webm: aa71ff27fc2769a1b78a27578f13a17b -> 
  custom:container-demuxer-webm: 4f35f7cbe854078d1ac9338744f61a02 -> 
  custom:video-encoder-webm-vp8: eb34c28f22e8b96e1ab97ce403110664 -> 
  custom:video-codec-MediaFoundation-h265: 746d11721c4dcdbdad8f713fa42b33f4 -> 
  custom:audio-encoder-webm-vorbis: bf7c407c2cedff20999df2af8eb42d56 -> 
  custom:framework-win-MediaFoundation: 216162199b28c13a410421893ffa2e32 -> 
  custom:container-demuxer-ogg: 62fdf1f143b41e24485cea50d1cbac27 -> 
  custom:video-decoder-webm-vp8: 9c59270c3fd7afecdb556c50c9e8de78 -> 
  custom:audio-decoder-ogg-vorbis: bf7c407c2cedff20999df2af8eb42d56 -> 
========================================================================
Received Prepare
Refreshing native plugins compatible for Editor in 7.77 ms, found 4 plugins.
Preloading 0 native plugins for Editor in 0.00 ms.
Unloading 32 Unused Serialized files (Serialized files now loaded: 0)
Unloading 32 unused Assets / (188.5 KB). Loaded Objects now: 5096.
Memory consumption went from 90.3 MB to 90.1 MB.
Total: 5.889300 ms (FindLiveObjects: 0.526300 ms CreateObjectMapping: 0.407500 ms MarkObjects: 4.669600 ms  DeleteObjects: 0.284200 ms)

AssetImportParameters requested are different than current active one (requested -> active):
  custom:video-decoder-ogg-theora: a1e56fd34408186e4bbccfd4996cb3dc -> 
  custom:container-muxer-webm: aa71ff27fc2769a1b78a27578f13a17b -> 
  custom:container-demuxer-webm: 4f35f7cbe854078d1ac9338744f61a02 -> 
  custom:video-encoder-webm-vp8: eb34c28f22e8b96e1ab97ce403110664 -> 
  custom:video-codec-MediaFoundation-h265: 746d11721c4dcdbdad8f713fa42b33f4 -> 
  custom:audio-encoder-webm-vorbis: bf7c407c2cedff20999df2af8eb42d56 -> 
  custom:framework-win-MediaFoundation: 216162199b28c13a410421893ffa2e32 -> 
  custom:container-demuxer-ogg: 62fdf1f143b41e24485cea50d1cbac27 -> 
  custom:video-decoder-webm-vp8: 9c59270c3fd7afecdb556c50c9e8de78 -> 
  custom:audio-decoder-ogg-vorbis: bf7c407c2cedff20999df2af8eb42d56 -> 
========================================================================
Received Import Request.
  Time since last request: 385.846455 seconds.
  path: Assets/Scenes/TitleScene.unity
  artifactKey: Guid(9536223403dcd634489e460652be86d8) Importer(815301076,1909f56bfc062723c751e8b465ee728b)
Start importing Assets/Scenes/TitleScene.unity using Guid(9536223403dcd634489e460652be86d8) Importer(815301076,1909f56bfc062723c751e8b465ee728b)  -> (artifact id: 'dd548418888a0d17657713027235e5b4') in 0.011807 seconds 
========================================================================
Received Prepare
Registering precompiled user dll's ...
Registered in 0.008098 seconds.
Begin MonoManager ReloadAssembly
Symbol file LoadedFromMemory doesn't match image C:\Users\watan\Documents\GitHub\Kakuto24\Library\PackageCache\com.unity.visualscripting@1.7.8\Editor\VisualScripting.Core\Dependencies\YamlDotNet\Unity.VisualScripting.YamlDotNet.dll
Symbol file LoadedFromMemory doesn't match image C:\Users\watan\Documents\GitHub\Kakuto24\Library\PackageCache\com.unity.visualscripting@1.7.8\Editor\VisualScripting.Core\Dependencies\DotNetZip\Unity.VisualScripting.IonicZip.dll
Native extension for WindowsStandalone target not found
Refreshing native plugins compatible for Editor in 2.46 ms, found 4 plugins.
Preloading 0 native plugins for Editor in 0.00 ms.
Mono: successfully reloaded assembly
- Completed reload, in  1.703 seconds
Domain Reload Profiling:
	ReloadAssembly (1704ms)
		BeginReloadAssembly (170ms)
			ExecutionOrderSort (0ms)
			DisableScriptedObjects (10ms)
			BackupInstance (0ms)
			ReleaseScriptingObjects (0ms)
			CreateAndSetChildDomain (54ms)
		EndReloadAssembly (1398ms)
			LoadAssemblies (123ms)
			RebuildTransferFunctionScriptingTraits (0ms)
			SetupTypeCache (329ms)
			ReleaseScriptCaches (2ms)
			RebuildScriptCaches (91ms)
			SetupLoadedEditorAssemblies (730ms)
				LogAssemblyErrors (0ms)
				InitializePlatformSupportModulesInManaged (27ms)
				SetLoadedEditorAssemblies (2ms)
				RefreshPlugins (3ms)
				BeforeProcessingInitializeOnLoad (143ms)
				ProcessInitializeOnLoadAttributes (476ms)
				ProcessInitializeOnLoadMethodAttributes (69ms)
				AfterProcessingInitializeOnLoad (10ms)
				EditorAssembliesLoaded (0ms)
			ExecutionOrderSort2 (0ms)
			AwakeInstancesAfterBackupRestoration (20ms)
Platform modules already initialized, skipping
Refreshing native plugins compatible for Editor in 7.47 ms, found 4 plugins.
Preloading 0 native plugins for Editor in 0.00 ms.
Unloading 4422 Unused Serialized files (Serialized files now loaded: 0)
Unloading 32 unused Assets / (191.1 KB). Loaded Objects now: 5099.
Memory consumption went from 178.1 MB to 177.9 MB.
Total: 7.589200 ms (FindLiveObjects: 0.870300 ms CreateObjectMapping: 0.218200 ms MarkObjects: 6.013300 ms  DeleteObjects: 0.485000 ms)

AssetImportParameters requested are different than current active one (requested -> active):
  custom:video-decoder-ogg-theora: a1e56fd34408186e4bbccfd4996cb3dc -> 
  custom:container-muxer-webm: aa71ff27fc2769a1b78a27578f13a17b -> 
  custom:container-demuxer-webm: 4f35f7cbe854078d1ac9338744f61a02 -> 
  custom:video-encoder-webm-vp8: eb34c28f22e8b96e1ab97ce403110664 -> 
  custom:video-codec-MediaFoundation-h265: 746d11721c4dcdbdad8f713fa42b33f4 -> 
  custom:audio-encoder-webm-vorbis: bf7c407c2cedff20999df2af8eb42d56 -> 
  custom:framework-win-MediaFoundation: 216162199b28c13a410421893ffa2e32 -> 
  custom:container-demuxer-ogg: 62fdf1f143b41e24485cea50d1cbac27 -> 
  custom:video-decoder-webm-vp8: 9c59270c3fd7afecdb556c50c9e8de78 -> 
  custom:audio-decoder-ogg-vorbis: bf7c407c2cedff20999df2af8eb42d56 -> 
========================================================================
Received Prepare
Refreshing native plugins compatible for Editor in 8.22 ms, found 4 plugins.
Preloading 0 native plugins for Editor in 0.00 ms.
Unloading 32 Unused Serialized files (Serialized files now loaded: 0)
Unloading 32 unused Assets / (188.5 KB). Loaded Objects now: 5099.
Memory consumption went from 90.3 MB to 90.1 MB.
Total: 5.434600 ms (FindLiveObjects: 0.518600 ms CreateObjectMapping: 0.358200 ms MarkObjects: 4.256100 ms  DeleteObjects: 0.300200 ms)

AssetImportParameters requested are different than current active one (requested -> active):
  custom:video-decoder-ogg-theora: a1e56fd34408186e4bbccfd4996cb3dc -> 
  custom:container-muxer-webm: aa71ff27fc2769a1b78a27578f13a17b -> 
  custom:container-demuxer-webm: 4f35f7cbe854078d1ac9338744f61a02 -> 
  custom:video-encoder-webm-vp8: eb34c28f22e8b96e1ab97ce403110664 -> 
  custom:video-codec-MediaFoundation-h265: 746d11721c4dcdbdad8f713fa42b33f4 -> 
  custom:audio-encoder-webm-vorbis: bf7c407c2cedff20999df2af8eb42d56 -> 
  custom:framework-win-MediaFoundation: 216162199b28c13a410421893ffa2e32 -> 
  custom:container-demuxer-ogg: 62fdf1f143b41e24485cea50d1cbac27 -> 
  custom:video-decoder-webm-vp8: 9c59270c3fd7afecdb556c50c9e8de78 -> 
  custom:audio-decoder-ogg-vorbis: bf7c407c2cedff20999df2af8eb42d56 -> 
========================================================================
Received Import Request.
  Time since last request: 338.990708 seconds.
  path: Assets/Scenes/1PWinScene.unity
  artifactKey: Guid(0b8ef13f93cc34547a5486a006970777) Importer(815301076,1909f56bfc062723c751e8b465ee728b)
Start importing Assets/Scenes/1PWinScene.unity using Guid(0b8ef13f93cc34547a5486a006970777) Importer(815301076,1909f56bfc062723c751e8b465ee728b)  -> (artifact id: '82a0df1c98f2a1c043b082500192d418') in 0.004305 seconds 
========================================================================
Received Import Request.
  Time since last request: 33.455106 seconds.
  path: Assets/Scenes/Stage3Scene.unity
  artifactKey: Guid(32f035b262a4ebb4f8e2a6b87d30f249) Importer(815301076,1909f56bfc062723c751e8b465ee728b)
Start importing Assets/Scenes/Stage3Scene.unity using Guid(32f035b262a4ebb4f8e2a6b87d30f249) Importer(815301076,1909f56bfc062723c751e8b465ee728b)  -> (artifact id: '3c942b05f65033ecc9b6ddf61f7d70a0') in 0.013440 seconds 
========================================================================
Received Import Request.
  Time since last request: 0.606935 seconds.
  path: Assets/Scenes/StageSelectScene.unity
  artifactKey: Guid(1fd368a0d82f693439cd54ebd0d35d95) Importer(815301076,1909f56bfc062723c751e8b465ee728b)
Start importing Assets/Scenes/StageSelectScene.unity using Guid(1fd368a0d82f693439cd54ebd0d35d95) Importer(815301076,1909f56bfc062723c751e8b465ee728b)  -> (artifact id: '9766a60330054bb821201efbb89297e2') in 0.011527 seconds 
========================================================================
Received Import Request.
  Time since last request: 13.060555 seconds.
  path: Assets/Scenes/StageSelectScene.unity
  artifactKey: Guid(1fd368a0d82f693439cd54ebd0d35d95) Importer(815301076,1909f56bfc062723c751e8b465ee728b)
Start importing Assets/Scenes/StageSelectScene.unity using Guid(1fd368a0d82f693439cd54ebd0d35d95) Importer(815301076,1909f56bfc062723c751e8b465ee728b)  -> (artifact id: 'a8ac2a7f2e049c6d7f8c8c99627b3116') in 0.003575 seconds 
========================================================================
Received Import Request.
  Time since last request: 0.354917 seconds.
  path: Assets/Scenes/TitleScene.unity
  artifactKey: Guid(9536223403dcd634489e460652be86d8) Importer(815301076,1909f56bfc062723c751e8b465ee728b)
Start importing Assets/Scenes/TitleScene.unity using Guid(9536223403dcd634489e460652be86d8) Importer(815301076,1909f56bfc062723c751e8b465ee728b)  -> (artifact id: 'b4a9a4c2c682cb2efc9d2fae3a8aa1a4') in 0.003619 seconds 
========================================================================
Received Prepare
Refreshing native plugins compatible for Editor in 8.79 ms, found 4 plugins.
Preloading 0 native plugins for Editor in 0.00 ms.
Unloading 32 Unused Serialized files (Serialized files now loaded: 0)
Unloading 32 unused Assets / (188.4 KB). Loaded Objects now: 5099.
Memory consumption went from 90.3 MB to 90.1 MB.
Total: 5.392200 ms (FindLiveObjects: 0.602400 ms CreateObjectMapping: 0.316500 ms MarkObjects: 4.210300 ms  DeleteObjects: 0.260200 ms)

AssetImportParameters requested are different than current active one (requested -> active):
  custom:video-decoder-ogg-theora: a1e56fd34408186e4bbccfd4996cb3dc -> 
  custom:container-muxer-webm: aa71ff27fc2769a1b78a27578f13a17b -> 
  custom:container-demuxer-webm: 4f35f7cbe854078d1ac9338744f61a02 -> 
  custom:video-encoder-webm-vp8: eb34c28f22e8b96e1ab97ce403110664 -> 
  custom:video-codec-MediaFoundation-h265: 746d11721c4dcdbdad8f713fa42b33f4 -> 
  custom:audio-encoder-webm-vorbis: bf7c407c2cedff20999df2af8eb42d56 -> 
  custom:framework-win-MediaFoundation: 216162199b28c13a410421893ffa2e32 -> 
  custom:container-demuxer-ogg: 62fdf1f143b41e24485cea50d1cbac27 -> 
  custom:video-decoder-webm-vp8: 9c59270c3fd7afecdb556c50c9e8de78 -> 
  custom:audio-decoder-ogg-vorbis: bf7c407c2cedff20999df2af8eb42d56 -> 
